tool_id,tool_type,department,location,purchase_date,last_calibration_date,calibration_interval_months,next_due_date,status,checkouts_last_90d
T0001,Digital Caliper,Fuselage Assembly,Tool Crib A,2022-08-03,2026-02-13,12,2027-02-13,In Use,9
T0002,Multimeter,Quality Lab,Hall 3,2025-08-07,2025-10-27,12,2026-10-27,In Use,12
T0003,Multimeter,Quality Lab,Hall 2,2020-07-09,2026-06-08,12,2027-06-08,In Use,18
T0004,Digital Caliper,Wing Assembly,Tool Crib B,2020-08-02,2026-07-28,12,2027-07-28,In Use,8
T0005,Pressure Gauge,Cabin Installation,Tool Crib A,2025-01-16,2026-04-02,6,2026-10-02,In Use,13
T0006,Dial Indicator,Wing Assembly,Hall 3,2024-02-14,2026-05-25,12,2027-05-25,In Use,5
T0007,Torque Wrench,Cabin Installation,Hall 3,2024-05-21,2026-03-23,6,2026-09-23,In Use,4
T0008,Micrometer,Cabin Installation,Hall 2,2019-09-22,2026-09-17,12,2027-09-17,In Use,4
T0009,Multimeter,Cabin Installation,Hall 2,2018-11-14,2026-04-11,12,2027-04-11,In Use,20
T0010,Pressure Gauge,Fuselage Assembly,Tool Crib A,2025-06-08,2026-05-06,6,2026-11-06,In Use,11
T0011,Height Gauge,Fuselage Assembly,Hall 3,2020-05-14,2026-04-03,12,2027-04-03,In Use,3
T0012,Digital Caliper,Fuselage Assembly,Hall 2,2023-07-16,2025-06-08,12,2026-06-08,In Use,23
T0013,Micrometer,Wing Assembly,Hall 4,2020-04-10,2026-01-08,12,2027-01-08,In Use,3
T0014,Micrometer,Fuselage Assembly,Tool Crib B,2023-03-26,2025-10-06,12,2026-10-06,In Use,13
T0015,Pressure Gauge,Wing Assembly,Tool Crib A,2019-04-14,2026-05-09,6,2026-11-09,In Use,7
T0016,Multimeter,Fuselage Assembly,Hall 2,2021-10-04,2024-10-12,12,2025-10-12,In Use,10
T0017,Multimeter,Fuselage Assembly,Hall 1,2024-06-21,2026-07-02,12,2027-07-02,In Use,12
T0018,Torque Wrench,Wing Assembly,Tool Crib B,2024-03-16,2026-08-17,6,2027-02-17,In Calibration,7
T0019,Digital Caliper,Wing Assembly,Hall 4,2019-05-24,2026-04-03,12,2027-04-03,In Use,9
T0020,Pressure Gauge,Fuselage Assembly,Hall 3,2024-06-17,2026-06-24,6,2026-12-24,In Use,25
T0021,Micrometer,Cabin Installation,Tool Crib B,2022-09-11,2026-09-26,12,2027-09-26,In Use,14
T0022,Pressure Gauge,Wing Assembly,Hall 1,2024-11-20,2026-05-14,6,2026-11-14,In Use,7
T0023,Multimeter,Fuselage Assembly,Tool Crib B,2020-11-07,2026-06-28,12,2027-06-28,In Use,0
T0024,Crimping Tool,Fuselage Assembly,Tool Crib B,2023-01-14,2026-08-26,6,2027-02-26,In Use,14
T0025,Height Gauge,Fuselage Assembly,Tool Crib A,2022-11-17,2025-11-08,12,2026-11-08,In Use,9
T0026,Height Gauge,Logistics,Hall 2,2020-05-07,2026-04-25,12,2027-04-25,In Use,19
T0027,Micrometer,Fuselage Assembly,Hall 1,2023-12-17,2025-12-29,12,2026-12-28,In Use,8
T0028,Crimping Tool,Fuselage Assembly,Hall 4,2021-04-19,2026-06-23,6,2026-12-23,In Use,20
T0029,Micrometer,Fuselage Assembly,Tool Crib B,2021-06-03,2025-02-21,12,2026-02-21,In Use,20
T0030,Digital Caliper,Quality Lab,Tool Crib B,2025-03-22,2026-04-08,12,2027-04-08,In Use,2
T0031,Digital Caliper,Quality Lab,Tool Crib B,2023-11-02,2026-02-13,12,2027-02-13,In Use,4
T0032,Digital Caliper,Quality Lab,Tool Crib A,2019-04-29,2026-10-04,12,2027-10-04,In Use,12
T0033,Height Gauge,Wing Assembly,Hall 3,2019-01-11,2026-01-22,12,2027-01-22,In Use,4
T0034,Micrometer,Wing Assembly,Hall 4,2021-09-10,2026-01-28,12,2027-01-28,In Use,6
T0035,Height Gauge,Quality Lab,Hall 1,2024-08-17,2026-02-04,12,2027-02-04,In Use,13
T0036,Pressure Gauge,Wing Assembly,Hall 1,2019-08-31,2026-09-03,6,2027-03-03,In Use,19
T0037,Multimeter,Wing Assembly,Tool Crib A,2020-09-24,2026-02-28,12,2027-02-28,In Use,15
T0038,Multimeter,Fuselage Assembly,Tool Crib B,2022-11-21,2025-11-06,12,2026-11-06,Out of Service,10
T0039,Digital Caliper,Logistics,Hall 3,2023-05-05,2026-08-05,12,2027-08-05,In Use,3
T0040,Pressure Gauge,Wing Assembly,Hall 1,2019-07-26,2025-11-03,6,2026-05-03,In Use,11
T0041,Pressure Gauge,Logistics,Hall 3,2019-03-22,2026-08-04,6,2027-02-04,In Use,8
T0042,Dial Indicator,Quality Lab,Hall 2,2019-07-03,2026-10-02,12,2027-10-02,In Use,20
T0043,Multimeter,Cabin Installation,Hall 1,2022-06-11,2026-04-19,12,2027-04-19,In Use,16
T0044,Micrometer,Wing Assembly,Hall 4,2022-05-26,2026-05-25,12,2027-05-25,In Use,24
T0045,Crimping Tool,Logistics,Tool Crib B,2019-12-24,2026-01-26,6,2026-07-26,In Use,11
T0046,Dial Indicator,Wing Assembly,Hall 3,2023-12-19,2026-05-20,12,2027-05-20,In Use,24
T0047,Crimping Tool,Cabin Installation,Hall 3,2021-03-19,2026-08-29,6,2027-02-28,In Use,17
T0048,Torque Wrench,Fuselage Assembly,Hall 4,2025-01-16,2026-04-24,6,2026-10-24,In Use,6
T0049,Multimeter,Cabin Installation,Tool Crib A,2023-11-25,2025-10-14,12,2026-10-14,In Use,14
T0050,Multimeter,Logistics,Tool Crib A,2022-05-12,2025-10-20,12,2026-10-20,In Use,11
T0051,Crimping Tool,Fuselage Assembly,Hall 3,2023-07-17,2026-08-26,6,2027-02-26,In Use,0
T0052,Micrometer,Fuselage Assembly,Hall 4,2020-04-08,2026-03-07,12,2027-03-07,In Use,0
T0053,Torque Wrench,Fuselage Assembly,Hall 4,2024-04-14,2026-07-01,6,2027-01-01,In Use,15
T0054,Digital Caliper,Fuselage Assembly,Tool Crib A,2019-08-24,2025-11-15,12,2026-11-15,In Use,8
T0055,Dial Indicator,Logistics,Hall 2,2022-07-15,2026-09-23,12,2027-09-23,Lost,32
T0056,Torque Wrench,Fuselage Assembly,Hall 2,2021-12-06,2026-05-12,6,2026-11-12,In Use,10
T0057,Crimping Tool,Fuselage Assembly,Tool Crib B,2022-09-12,2026-03-20,6,2026-09-20,In Use,13
T0058,Height Gauge,Fuselage Assembly,Tool Crib B,2024-10-07,2026-03-20,12,2027-03-20,In Use,22
T0059,Pressure Gauge,Wing Assembly,Hall 3,2023-02-10,2026-07-07,6,2027-01-07,In Use,10
T0060,Dial Indicator,Logistics,Tool Crib A,2025-02-04,2026-07-01,12,2027-07-01,In Use,2
T0061,Torque Wrench,Cabin Installation,Tool Crib B,2022-09-03,2026-09-24,6,2027-03-24,In Use,22
T0062,Dial Indicator,Wing Assembly,Hall 3,2020-09-18,2026-04-17,12,2027-04-17,In Calibration,12
T0063,Pressure Gauge,Quality Lab,Hall 1,2022-10-22,2026-05-21,6,2026-11-21,In Use,9
T0064,Crimping Tool,Fuselage Assembly,Hall 2,2018-09-28,2026-07-28,6,2027-01-28,In Use,14
T0065,Micrometer,Cabin Installation,Tool Crib B,2024-10-29,2026-01-27,12,2027-01-27,In Use,0
T0066,Crimping Tool,Fuselage Assembly,Tool Crib B,2024-11-27,2026-09-28,6,2027-03-28,In Use,9
T0067,Pressure Gauge,Wing Assembly,Tool Crib B,2020-05-03,2026-08-05,6,2027-02-05,In Use,16
T0068,Dial Indicator,Fuselage Assembly,Hall 2,2018-11-30,2025-12-19,12,2026-12-19,In Use,5
T0069,Digital Caliper,Cabin Installation,Tool Crib B,2020-12-03,2026-06-09,12,2027-06-09,In Use,20
T0070,Torque Wrench,Cabin Installation,Tool Crib B,2018-09-28,2026-05-09,6,2026-11-09,In Use,32
T0071,Height Gauge,Wing Assembly,Hall 1,2022-07-06,2026-03-21,12,2027-03-21,In Use,11
T0072,Multimeter,Fuselage Assembly,Hall 3,2023-11-16,2026-01-24,12,2027-01-24,In Use,0
T0073,Pressure Gauge,Wing Assembly,Hall 3,2024-10-03,2026-07-19,6,2027-01-19,In Use,17
T0074,Pressure Gauge,Wing Assembly,Hall 1,2025-02-19,2026-04-21,6,2026-10-21,In Use,30
T0075,Torque Wrench,Wing Assembly,Hall 1,2020-05-26,2026-04-12,6,2026-10-12,In Use,5
T0076,Height Gauge,Fuselage Assembly,Tool Crib B,2023-05-31,2025-10-04,12,2026-10-04,In Calibration,9
T0077,Crimping Tool,Fuselage Assembly,Hall 4,2021-07-18,2026-06-27,6,2026-12-27,In Use,18
T0078,Micrometer,Cabin Installation,Hall 1,2021-09-24,2026-07-13,12,2027-07-13,In Use,18
T0079,Micrometer,Quality Lab,Hall 1,2020-10-04,2026-09-24,12,2027-09-24,In Use,15
T0080,Torque Wrench,Quality Lab,Tool Crib A,2020-01-28,2026-07-17,6,2027-01-17,In Use,12
T0081,Multimeter,Logistics,Tool Crib A,2023-11-27,2026-08-28,12,2027-08-28,In Use,16
T0082,Digital Caliper,Fuselage Assembly,Tool Crib A,2021-03-17,2026-05-10,12,2027-05-10,In Use,8
T0083,Micrometer,Quality Lab,Hall 2,2024-03-23,2026-04-23,12,2027-04-23,Out of Service,30
T0084,Multimeter,Fuselage Assembly,Hall 1,2022-04-11,2026-08-24,12,2027-08-24,In Calibration,5
T0085,Multimeter,Cabin Installation,Hall 4,2019-04-04,2026-04-08,12,2027-04-08,In Use,12
T0086,Height Gauge,Wing Assembly,Hall 2,2021-11-09,2026-07-27,12,2027-07-27,In Use,19
T0087,Digital Caliper,Fuselage Assembly,Hall 1,2021-05-13,2026-07-19,12,2027-07-19,In Use,19
T0088,Dial Indicator,Cabin Installation,Hall 4,2022-12-21,2026-02-09,12,2027-02-09,In Use,16
T0089,Crimping Tool,Fuselage Assembly,Hall 2,2025-02-05,2026-06-28,6,2026-12-28,In Use,17
T0090,Pressure Gauge,Cabin Installation,Hall 3,2021-03-03,2026-08-04,6,2027-02-04,In Calibration,13
T0091,Digital Caliper,Logistics,Tool Crib B,2019-02-16,2026-02-11,12,2027-02-11,In Use,10
T0092,Dial Indicator,Fuselage Assembly,Tool Crib B,2022-12-15,2025-10-10,12,2026-10-10,In Use,20
T0093,Micrometer,Cabin Installation,Tool Crib B,2019-05-20,2026-02-20,12,2027-02-20,In Use,12
T0094,Multimeter,Cabin Installation,Hall 3,2023-07-08,2026-01-11,12,2027-01-11,In Use,24
T0095,Digital Caliper,Cabin Installation,Tool Crib A,2019-08-01,2026-03-22,12,2027-03-22,In Use,9
T0096,Multimeter,Logistics,Tool Crib A,2022-08-17,2025-11-16,12,2026-11-16,In Use,20
T0097,Micrometer,Wing Assembly,Hall 4,2020-05-03,2025-05-09,12,2026-05-09,In Use,25
T0098,Micrometer,Logistics,Hall 3,2025-04-07,2025-10-27,12,2026-10-27,In Use,1
T0099,Multimeter,Wing Assembly,Tool Crib B,2019-07-31,2026-06-02,12,2027-06-02,In Use,16
T0100,Crimping Tool,Quality Lab,Tool Crib B,2019-04-22,2026-02-26,6,2026-08-26,In Use,12
T0101,Pressure Gauge,Fuselage Assembly,Hall 2,2024-05-06,2026-07-13,6,2027-01-13,In Use,18
T0102,Pressure Gauge,Cabin Installation,Tool Crib B,2018-12-28,2026-06-19,6,2026-12-19,In Use,19
T0103,Multimeter,Quality Lab,Hall 2,2021-03-26,2026-01-16,12,2027-01-16,In Use,12
T0104,Dial Indicator,Wing Assembly,Hall 2,2021-05-20,2026-04-24,12,2027-04-24,In Use,21
T0105,Torque Wrench,Quality Lab,Hall 4,2022-04-29,2026-07-23,6,2027-01-23,In Use,15
T0106,Height Gauge,Fuselage Assembly,Tool Crib A,2023-03-28,2026-10-05,12,2027-10-05,In Use,13
T0107,Micrometer,Cabin Installation,Hall 3,2020-11-18,2026-06-18,12,2027-06-18,In Use,22
T0108,Micrometer,Quality Lab,Tool Crib A,2025-01-09,2025-10-23,12,2026-10-23,Out of Service,7
T0109,Pressure Gauge,Fuselage Assembly,Hall 3,2021-06-11,2026-09-16,6,2027-03-16,In Use,14
T0110,Dial Indicator,Wing Assembly,Tool Crib A,2021-08-23,2026-02-11,12,2027-02-11,In Use,16
T0111,Pressure Gauge,Quality Lab,Hall 3,2025-06-28,2026-09-07,6,2027-03-07,In Use,2
T0112,Micrometer,Fuselage Assembly,Hall 2,2019-07-18,2025-05-15,12,2026-05-15,In Calibration,11
T0113,Pressure Gauge,Fuselage Assembly,Hall 4,2023-12-24,2026-09-27,6,2027-03-27,In Use,13
T0114,Digital Caliper,Wing Assembly,Hall 1,2021-02-12,2026-05-09,12,2027-05-09,In Use,11
T0115,Micrometer,Fuselage Assembly,Hall 1,2020-10-21,2026-08-03,12,2027-08-03,In Use,15
T0116,Digital Caliper,Cabin Installation,Hall 4,2022-07-12,2026-06-12,12,2027-06-12,Out of Service,16
T0117,Crimping Tool,Wing Assembly,Tool Crib B,2024-02-07,2026-09-02,6,2027-03-02,In Use,13
T0118,Dial Indicator,Fuselage Assembly,Hall 3,2018-09-26,2026-02-05,12,2027-02-05,In Use,14
T0119,Digital Caliper,Fuselage Assembly,Tool Crib A,2023-07-28,2026-04-15,12,2027-04-15,Lost,17
T0120,Pressure Gauge,Cabin Installation,Hall 3,2023-10-09,2026-04-03,6,2026-10-03,In Use,9
T0121,Height Gauge,Wing Assembly,Hall 2,2019-01-03,2025-11-15,12,2026-11-15,In Use,17
T0122,Crimping Tool,Wing Assembly,Hall 4,2021-04-07,2026-06-09,6,2026-12-09,In Use,7
T0123,Digital Caliper,Wing Assembly,Hall 1,2018-12-19,2026-05-10,12,2027-05-10,In Use,18
T0124,Digital Caliper,Quality Lab,Tool Crib A,2021-09-09,2024-12-01,12,2025-12-01,In Use,5
T0125,Pressure Gauge,Wing Assembly,Tool Crib B,2021-04-14,2026-07-09,6,2027-01-09,In Use,11
T0126,Digital Caliper,Fuselage Assembly,Tool Crib B,2021-10-28,2026-08-04,12,2027-08-04,In Use,11
T0127,Micrometer,Fuselage Assembly,Hall 2,2020-10-28,2026-03-28,12,2027-03-28,Out of Service,25
T0128,Crimping Tool,Wing Assembly,Hall 2,2020-07-16,2026-05-08,6,2026-11-08,In Use,6
T0129,Dial Indicator,Wing Assembly,Hall 1,2020-03-19,2026-07-28,12,2027-07-28,In Use,18
T0130,Height Gauge,Fuselage Assembly,Hall 2,2021-05-14,2026-06-21,12,2027-06-21,In Use,8
T0131,Height Gauge,Cabin Installation,Tool Crib B,2020-02-13,2026-06-15,12,2027-06-15,In Use,3
T0132,Pressure Gauge,Fuselage Assembly,Hall 1,2025-04-23,2026-08-21,6,2027-02-21,In Use,9
T0133,Crimping Tool,Cabin Installation,Tool Crib B,2018-12-24,2026-07-27,6,2027-01-27,In Use,10
T0134,Multimeter,Cabin Installation,Tool Crib B,2021-06-19,2026-04-26,12,2027-04-26,In Use,0
T0135,Digital Caliper,Quality Lab,Tool Crib B,2020-07-13,2026-07-31,12,2027-07-28,In Use,7
T0136,Torque Wrench,Fuselage Assembly,Hall 1,2018-08-26,2026-09-19,6,2027-03-19,In Use,14
T0137,Digital Caliper,Fuselage Assembly,Hall 4,2020-04-28,2025-10-16,12,2026-10-16,Out of Service,0
T0138,Digital Caliper,Quality Lab,Tool Crib B,2024-07-10,2025-10-28,12,2026-10-28,In Use,13
T0139,Pressure Gauge,Cabin Installation,Hall 2,2023-12-22,2026-09-26,6,2027-03-26,In Use,2
T0140,Dial Indicator,Fuselage Assembly,Tool Crib B,2025-01-22,2026-05-24,12,2027-05-24,In Use,7
T0141,Micrometer,Quality Lab,Tool Crib A,2024-11-08,2025-12-01,12,2026-12-01,In Use,5
T0142,Micrometer,Fuselage Assembly,Tool Crib B,2022-03-13,2025-10-17,12,2026-10-17,In Use,4
T0143,Pressure Gauge,Fuselage Assembly,Hall 3,2024-09-14,2026-07-24,6,2027-01-24,In Use,0
T0144,Dial Indicator,Fuselage Assembly,Hall 2,2024-12-15,2026-04-28,12,2027-04-28,In Use,3
T0145,Torque Wrench,Fuselage Assembly,Hall 1,2025-07-14,2026-09-14,6,2027-03-14,In Use,10
T0146,Torque Wrench,Fuselage Assembly,Hall 1,2019-11-21,2026-09-25,6,2027-03-25,In Use,16
T0147,Crimping Tool,Fuselage Assembly,Hall 4,2021-06-14,2026-06-13,6,2026-12-13,In Use,16
T0148,Micrometer,Fuselage Assembly,Hall 3,2022-09-29,2026-02-15,12,2027-02-15,In Use,10
T0149,Dial Indicator,Fuselage Assembly,Hall 3,2021-08-27,2025-12-22,12,2026-12-22,In Use,20
T0150,Dial Indicator,Cabin Installation,Hall 2,2022-04-27,2026-01-18,12,2027-01-18,In Use,25
T0151,Micrometer,Fuselage Assembly,Hall 3,2021-03-07,2026-04-19,12,2027-04-19,In Use,3
T0152,Digital Caliper,Fuselage Assembly,Hall 3,2020-07-02,2025-10-18,12,2026-10-18,In Calibration,10
T0153,Height Gauge,Wing Assembly,Tool Crib A,2019-07-01,2026-05-19,12,2027-05-19,In Use,15
T0154,Height Gauge,Wing Assembly,Hall 2,2019-05-01,2026-05-24,12,2027-05-24,In Use,9
T0155,Digital Caliper,Fuselage Assembly,Hall 2,2022-12-20,2026-01-21,12,2027-01-21,In Use,4
T0156,Micrometer,Fuselage Assembly,Hall 1,2022-02-08,2026-08-28,12,2027-08-28,In Use,9
T0157,Digital Caliper,Fuselage Assembly,Hall 2,2018-12-04,2026-01-21,12,2027-01-21,Out of Service,20
T0158,Digital Caliper,Quality Lab,Tool Crib B,2021-07-31,2025-10-14,12,2026-10-14,In Use,17
T0159,Crimping Tool,Fuselage Assembly,Hall 1,2019-05-16,2026-09-03,6,2027-03-03,In Use,19
T0160,Height Gauge,Fuselage Assembly,Hall 1,2024-10-19,2026-02-17,12,2027-02-17,In Use,14
T0161,Torque Wrench,Fuselage Assembly,Tool Crib A,2020-10-04,2026-06-23,6,2026-12-23,In Use,5
T0162,Digital Caliper,Wing Assembly,Tool Crib B,2018-10-16,2026-05-12,12,2027-05-12,In Use,16
T0163,Multimeter,Cabin Installation,Tool Crib B,2022-05-03,2026-01-16,12,2027-01-16,In Use,5
T0164,Multimeter,Logistics,Hall 2,2020-05-12,2025-11-07,12,2026-11-07,In Use,9
T0165,Multimeter,Cabin Installation,Hall 4,2023-12-23,2026-08-28,12,2027-08-28,In Use,0
T0166,Pressure Gauge,Wing Assembly,Hall 3,2024-10-14,2026-08-09,6,2027-02-09,In Use,4
T0167,Crimping Tool,Logistics,Hall 3,2024-12-02,2026-06-28,6,2026-12-28,In Use,12
T0168,Dial Indicator,Fuselage Assembly,Hall 3,2020-03-24,2026-07-11,12,2027-07-11,In Use,13
T0169,Torque Wrench,Wing Assembly,Hall 1,2022-04-10,2026-05-25,6,2026-11-25,In Use,26
T0170,Micrometer,Fuselage Assembly,Hall 4,2019-12-28,2026-04-03,12,2027-04-03,In Use,21
T0171,Dial Indicator,Cabin Installation,Hall 4,2024-04-13,2026-08-21,12,2027-08-21,In Use,6
T0172,Torque Wrench,Fuselage Assembly,Hall 3,2019-04-04,2026-05-17,6,2026-11-17,In Use,31
T0173,Height Gauge,Fuselage Assembly,Hall 1,2020-06-09,2026-02-08,12,2027-02-08,In Use,12
T0174,Crimping Tool,Logistics,Tool Crib A,2022-01-10,2026-05-16,6,2026-11-16,In Use,24
T0175,Pressure Gauge,Wing Assembly,Hall 3,2023-03-07,2026-09-02,6,2027-03-02,Lost,6
T0176,Dial Indicator,Quality Lab,Hall 3,2021-12-15,2026-03-16,12,2027-03-16,In Use,18
T0177,Dial Indicator,Fuselage Assembly,Hall 1,2023-12-25,2025-11-16,12,2026-11-16,In Use,20
T0178,Torque Wrench,Wing Assembly,Tool Crib B,2023-04-29,2025-10-20,6,2026-04-20,In Calibration,6
T0179,Pressure Gauge,Fuselage Assembly,Tool Crib B,2021-10-23,2026-07-02,6,2027-01-02,In Use,29
T0180,Micrometer,Fuselage Assembly,Tool Crib A,2025-06-05,2026-04-02,12,2027-04-02,In Use,1
T0181,Torque Wrench,Cabin Installation,Hall 1,2025-02-18,2026-08-06,6,2027-02-06,In Use,11
T0182,Digital Caliper,Fuselage Assembly,Hall 1,2024-06-24,2026-05-30,12,2027-05-28,In Use,14
T0183,Torque Wrench,Cabin Installation,Tool Crib B,2024-06-07,2026-09-13,6,2027-03-13,In Use,27
T0184,Micrometer,Wing Assembly,Hall 4,2020-10-06,2026-07-22,12,2027-07-22,In Use,18
T0185,Micrometer,Fuselage Assembly,Hall 4,2025-01-05,2026-03-27,12,2027-03-27,In Use,11
T0186,Height Gauge,Fuselage Assembly,Tool Crib B,2021-01-22,2026-04-27,12,2027-04-27,In Use,9
T0187,Digital Caliper,Wing Assembly,Hall 4,2022-11-19,2026-05-11,12,2027-05-11,In Use,13
T0188,Micrometer,Fuselage Assembly,Hall 1,2020-02-28,2026-02-18,12,2027-02-18,In Use,18
T0189,Height Gauge,Quality Lab,Hall 4,2025-06-22,2026-08-13,12,2027-08-13,In Use,11
T0190,Crimping Tool,Wing Assembly,Hall 4,2025-01-23,2026-09-21,6,2027-03-21,In Use,23
T0191,Digital Caliper,Fuselage Assembly,Hall 4,2023-06-23,2026-01-13,12,2027-01-13,In Use,16
T0192,Micrometer,Logistics,Tool Crib B,2025-08-16,2026-05-14,12,2027-05-14,In Use,17
T0193,Micrometer,Quality Lab,Hall 2,2024-03-26,2025-10-28,12,2026-10-28,In Use,21
T0194,Micrometer,Wing Assembly,Hall 2,2019-12-05,2026-02-08,12,2027-02-08,In Use,21
T0195,Crimping Tool,Quality Lab,Hall 3,2021-09-21,2026-08-03,6,2027-02-03,In Use,19
T0196,Pressure Gauge,Quality Lab,Tool Crib A,2025-04-23,2026-07-25,6,2027-01-25,In Use,19
T0197,Torque Wrench,Fuselage Assembly,Tool Crib A,2022-11-08,2026-04-28,6,2026-10-28,In Use,8
T0198,Multimeter,Fuselage Assembly,Tool Crib A,2019-02-14,2026-01-15,12,2027-01-15,In Use,7
T0199,Crimping Tool,Fuselage Assembly,Tool Crib A,2022-02-09,2026-07-22,6,2027-01-22,In Use,21
T0200,Pressure Gauge,Logistics,Tool Crib B,2022-01-27,2025-12-13,6,2026-06-13,Out of Service,11
T0201,Pressure Gauge,Logistics,Hall 1,2020-11-30,2026-04-05,6,2026-10-05,In Use,16
T0202,Torque Wrench,Quality Lab,Tool Crib B,2024-11-09,2026-08-13,6,2027-02-13,In Use,13
T0203,Crimping Tool,Logistics,Tool Crib A,2025-07-19,2026-06-07,6,2026-12-07,In Use,2
T0204,Micrometer,Fuselage Assembly,Hall 1,2023-03-13,2026-07-19,12,2027-07-19,In Use,13
T0205,Pressure Gauge,Quality Lab,Hall 3,2020-03-17,2026-06-03,6,2026-12-03,In Use,25
T0206,Micrometer,Cabin Installation,Hall 1,2021-12-14,2026-06-13,12,2027-06-13,In Use,11
T0207,Digital Caliper,Logistics,Tool Crib A,2019-12-26,2026-07-27,12,2027-07-27,In Use,10
T0208,Multimeter,Fuselage Assembly,Hall 2,2020-01-20,2026-05-29,12,2027-05-28,In Use,5
T0209,Height Gauge,Logistics,Hall 1,2025-03-21,2026-07-14,12,2027-07-14,In Use,23
T0210,Multimeter,Quality Lab,Hall 3,2022-09-20,2026-06-28,12,2027-06-28,In Use,6
T0211,Crimping Tool,Wing Assembly,Hall 2,2020-04-07,2026-09-17,6,2027-03-17,In Use,20
T0212,Torque Wrench,Logistics,Tool Crib A,2024-01-10,2026-04-10,6,2026-10-10,In Use,15
T0213,Multimeter,Fuselage Assembly,Hall 2,2021-10-30,2026-04-27,12,2027-04-27,In Use,11
T0214,Height Gauge,Logistics,Hall 1,2018-12-12,2025-09-26,12,2026-09-26,In Use,9
T0215,Dial Indicator,Fuselage Assembly,Hall 3,2020-04-07,2026-03-21,12,2027-03-21,Lost,6
T0216,Pressure Gauge,Fuselage Assembly,Tool Crib A,2025-08-04,2026-06-28,6,2026-12-28,In Use,15
T0217,Dial Indicator,Cabin Installation,Hall 2,2018-10-23,2026-01-26,12,2027-01-26,In Use,15
T0218,Digital Caliper,Quality Lab,Hall 4,2020-08-30,2026-08-28,12,2027-08-28,In Use,18
T0219,Dial Indicator,Fuselage Assembly,Hall 2,2022-09-21,2025-12-28,12,2026-12-28,In Use,9
T0220,Height Gauge,Wing Assembly,Hall 3,2023-05-30,2026-08-09,12,2027-08-09,In Use,16
T0221,Dial Indicator,Wing Assembly,Hall 3,2021-03-29,2026-04-02,12,2027-04-02,In Use,26
T0222,Pressure Gauge,Cabin Installation,Hall 4,2023-06-29,2026-07-28,6,2027-01-28,In Use,9
T0223,Torque Wrench,Wing Assembly,Hall 2,2022-10-12,2026-09-27,6,2027-03-27,In Use,13
T0224,Multimeter,Fuselage Assembly,Hall 3,2023-05-26,2026-01-12,12,2027-01-12,In Use,17
T0225,Height Gauge,Logistics,Tool Crib A,2019-03-25,2026-01-25,12,2027-01-25,In Use,12
T0226,Crimping Tool,Wing Assembly,Hall 2,2023-09-18,2026-07-24,6,2027-01-24,In Use,13
T0227,Pressure Gauge,Quality Lab,Hall 1,2022-08-24,2026-05-15,6,2026-11-15,In Use,13
T0228,Height Gauge,Quality Lab,Tool Crib A,2022-10-04,2026-03-10,12,2027-03-10,In Use,22
T0229,Micrometer,Logistics,Tool Crib A,2022-06-25,2026-04-01,12,2027-04-01,In Use,10
T0230,Dial Indicator,Quality Lab,Hall 4,2024-11-14,2025-12-29,12,2026-12-28,In Use,18
T0231,Micrometer,Fuselage Assembly,Hall 1,2025-05-31,2025-08-03,12,2026-08-03,In Use,19
T0232,Digital Caliper,Fuselage Assembly,Hall 4,2023-12-06,2025-11-01,12,2026-11-01,In Use,12
T0233,Height Gauge,Logistics,Hall 4,2019-08-11,2026-01-24,12,2027-01-24,In Use,0
T0234,Pressure Gauge,Quality Lab,Hall 4,2020-09-19,2026-06-08,6,2026-12-08,In Use,14
T0235,Pressure Gauge,Fuselage Assembly,Hall 1,2021-04-20,2026-06-30,6,2026-12-28,In Use,24
T0236,Micrometer,Logistics,Hall 1,2022-07-05,2026-01-25,12,2027-01-25,In Use,13
T0237,Micrometer,Fuselage Assembly,Hall 2,2021-04-09,2025-10-13,12,2026-10-13,In Use,15
T0238,Torque Wrench,Fuselage Assembly,Tool Crib A,2024-08-14,2026-07-18,6,2027-01-18,In Use,26
T0239,Digital Caliper,Wing Assembly,Tool Crib A,2022-12-12,2026-09-11,12,2027-09-11,Out of Service,11
T0240,Digital Caliper,Fuselage Assembly,Hall 4,2023-01-23,2026-02-16,12,2027-02-16,In Use,24
T0241,Height Gauge,Cabin Installation,Tool Crib A,2019-08-02,2026-08-28,12,2027-08-28,In Use,1
T0242,Crimping Tool,Wing Assembly,Hall 2,2019-12-31,2026-06-13,6,2026-12-13,In Use,29
T0243,Torque Wrench,Fuselage Assembly,Hall 4,2020-03-24,2026-04-26,6,2026-10-26,In Use,12
T0244,Crimping Tool,Quality Lab,Hall 4,2025-01-07,2026-06-13,6,2026-12-13,In Use,13
T0245,Digital Caliper,Quality Lab,Tool Crib A,2019-03-17,2026-03-09,12,2027-03-09,In Use,27
T0246,Crimping Tool,Quality Lab,Hall 1,2021-01-18,2026-09-04,6,2027-03-04,In Use,16
T0247,Multimeter,Logistics,Hall 2,2019-12-09,2026-07-01,12,2027-07-01,In Use,19
T0248,Digital Caliper,Quality Lab,Hall 4,2020-04-05,2025-12-16,12,2026-12-16,In Use,7
T0249,Dial Indicator,Logistics,Tool Crib B,2024-04-27,2026-01-01,12,2027-01-01,In Use,11
T0250,Dial Indicator,Logistics,Tool Crib A,2018-12-31,2026-07-20,12,2027-07-20,In Use,16
T0251,Pressure Gauge,Wing Assembly,Hall 4,2019-04-07,2026-04-27,6,2026-10-27,In Use,17
T0252,Torque Wrench,Logistics,Tool Crib A,2023-01-20,2026-07-02,6,2027-01-02,In Use,9
T0253,Micrometer,Cabin Installation,Hall 1,2025-06-19,2025-12-28,12,2026-12-28,In Use,23
T0254,Digital Caliper,Wing Assembly,Hall 3,2022-08-18,2026-08-12,12,2027-08-12,In Use,9
T0255,Height Gauge,Logistics,Tool Crib A,2019-09-17,2025-11-04,12,2026-11-04,In Use,10
T0256,Multimeter,Quality Lab,Hall 4,2018-08-27,2026-01-16,12,2027-01-16,Lost,17
T0257,Pressure Gauge,Wing Assembly,Hall 2,2019-04-01,2026-05-02,6,2026-11-02,Out of Service,3
T0258,Crimping Tool,Quality Lab,Tool Crib A,2024-01-15,2026-09-18,6,2027-03-18,In Use,7
T0259,Height Gauge,Quality Lab,Hall 1,2021-06-24,2025-12-13,12,2026-12-13,In Use,21
T0260,Micrometer,Logistics,Tool Crib A,2020-09-29,2026-07-19,12,2027-07-19,In Use,13
T0261,Torque Wrench,Cabin Installation,Tool Crib B,2020-08-10,2026-07-20,6,2027-01-20,Out of Service,10
T0262,Height Gauge,Fuselage Assembly,Hall 4,2020-01-22,2025-11-03,12,2026-11-03,In Use,15
T0263,Digital Caliper,Fuselage Assembly,Hall 3,2023-11-01,2025-11-09,12,2026-11-09,In Use,18
T0264,Micrometer,Fuselage Assembly,Hall 4,2024-01-19,2025-12-12,12,2026-12-12,In Calibration,14
T0265,Height Gauge,Cabin Installation,Hall 2,2025-08-10,2026-06-17,12,2027-06-17,In Use,22
T0266,Multimeter,Cabin Installation,Tool Crib B,2019-06-03,2025-12-22,12,2026-12-22,In Calibration,10
T0267,Multimeter,Cabin Installation,Hall 4,2019-01-01,2026-06-27,12,2027-06-27,Out of Service,17
T0268,Digital Caliper,Fuselage Assembly,Tool Crib B,2024-02-29,2025-11-08,12,2026-11-08,In Use,3
T0269,Multimeter,Wing Assembly,Tool Crib B,2022-02-14,2026-01-17,12,2027-01-17,In Use,12
T0270,Multimeter,Logistics,Hall 3,2025-08-27,2025-10-26,12,2026-10-26,In Use,23
T0271,Crimping Tool,Cabin Installation,Hall 4,2023-04-17,2026-09-19,6,2027-03-19,In Use,17
T0272,Torque Wrench,Quality Lab,Hall 3,2022-04-25,2026-07-28,6,2027-01-28,In Use,14
T0273,Torque Wrench,Fuselage Assembly,Hall 1,2024-09-12,2026-08-01,6,2027-02-01,In Use,8
T0274,Micrometer,Fuselage Assembly,Hall 3,2025-04-06,2025-11-27,12,2026-11-27,In Use,15
T0275,Height Gauge,Logistics,Hall 2,2024-07-07,2026-05-28,12,2027-05-28,In Use,11
T0276,Multimeter,Fuselage Assembly,Hall 2,2018-09-08,2026-07-02,12,2027-07-02,In Use,16
T0277,Torque Wrench,Wing Assembly,Hall 1,2025-02-08,2026-09-07,6,2027-03-07,Lost,17
T0278,Height Gauge,Wing Assembly,Hall 4,2020-06-14,2026-05-05,12,2027-05-05,In Use,20
T0279,Height Gauge,Fuselage Assembly,Tool Crib A,2020-05-05,2025-11-03,12,2026-11-03,In Use,6
T0280,Height Gauge,Wing Assembly,Tool Crib A,2021-01-13,2026-01-07,12,2027-01-07,In Use,5
T0281,Pressure Gauge,Fuselage Assembly,Hall 4,2024-10-18,2026-09-25,6,2027-03-25,In Use,14
T0282,Multimeter,Wing Assembly,Tool Crib A,2019-03-11,2026-05-21,12,2027-05-21,In Use,14
T0283,Dial Indicator,Quality Lab,Hall 4,2022-05-17,2025-10-11,12,2026-10-11,In Use,9
T0284,Dial Indicator,Wing Assembly,Tool Crib B,2019-07-24,2026-01-17,12,2027-01-17,In Use,15
T0285,Height Gauge,Cabin Installation,Hall 4,2024-02-24,2025-10-20,12,2026-10-20,In Use,9
T0286,Crimping Tool,Fuselage Assembly,Tool Crib A,2020-11-28,2026-09-05,6,2027-03-05,In Use,11
T0287,Digital Caliper,Fuselage Assembly,Hall 4,2018-08-07,2026-09-04,12,2027-09-04,In Use,6
T0288,Crimping Tool,Logistics,Tool Crib A,2022-05-15,2026-06-25,6,2026-12-25,In Use,13
T0289,Micrometer,Logistics,Hall 4,2023-12-23,2026-08-18,12,2027-08-18,In Use,15
T0290,Dial Indicator,Quality Lab,Tool Crib A,2023-01-02,2026-08-22,12,2027-08-22,In Use,16
T0291,Pressure Gauge,Wing Assembly,Hall 4,2021-04-19,2026-07-06,6,2027-01-06,In Use,26
T0292,Pressure Gauge,Quality Lab,Hall 1,2019-01-26,2026-05-05,6,2026-11-05,In Use,26
T0293,Micrometer,Wing Assembly,Hall 2,2019-04-29,2026-01-12,12,2027-01-12,In Use,20
T0294,Digital Caliper,Fuselage Assembly,Hall 4,2024-12-21,2026-08-05,12,2027-08-05,In Use,20
T0295,Pressure Gauge,Cabin Installation,Hall 1,2024-06-24,2026-07-14,6,2027-01-14,In Use,12
T0296,Pressure Gauge,Fuselage Assembly,Hall 1,2020-04-07,2026-05-21,6,2026-11-21,In Use,9
T0297,Height Gauge,Quality Lab,Hall 1,2024-02-07,2026-09-25,12,2027-09-25,Out of Service,14
T0298,Pressure Gauge,Quality Lab,Tool Crib A,2019-10-22,2026-07-02,6,2027-01-02,In Use,14
T0299,Micrometer,Quality Lab,Hall 2,2024-12-15,2026-02-08,12,2027-02-08,In Use,6
T0300,Torque Wrench,Cabin Installation,Hall 4,2021-11-28,2026-05-19,6,2026-11-19,In Use,16
T0301,Micrometer,Fuselage Assembly,Hall 2,2022-08-20,2026-06-01,12,2027-06-01,In Use,8
T0302,Digital Caliper,Logistics,Hall 2,2024-08-07,2026-07-20,12,2027-07-20,In Use,3
T0303,Micrometer,Cabin Installation,Hall 1,2025-03-10,2026-04-06,12,2027-04-06,In Use,15
T0304,Digital Caliper,Logistics,Tool Crib A,2020-09-07,2026-07-07,12,2027-07-07,In Use,16
T0305,Height Gauge,Fuselage Assembly,Hall 1,2020-10-13,2025-12-03,12,2026-12-03,In Use,15
T0306,Height Gauge,Wing Assembly,Hall 2,2023-10-02,2026-03-01,12,2027-03-01,In Use,0
T0307,Height Gauge,Quality Lab,Tool Crib B,2022-07-17,2026-09-18,12,2027-09-18,In Calibration,6
T0308,Digital Caliper,Wing Assembly,Tool Crib B,2022-12-22,2025-10-19,12,2026-10-19,In Use,10
T0309,Torque Wrench,Logistics,Tool Crib B,2020-06-21,2026-05-20,6,2026-11-20,In Use,29
T0310,Crimping Tool,Logistics,Tool Crib B,2024-06-05,2026-06-28,6,2026-12-28,In Use,8
T0311,Dial Indicator,Fuselage Assembly,Hall 1,2024-12-17,2026-06-25,12,2027-06-25,In Use,5
T0312,Pressure Gauge,Logistics,Hall 2,2020-07-15,2026-05-23,6,2026-11-23,Out of Service,20
T0313,Crimping Tool,Wing Assembly,Tool Crib B,2021-10-29,2026-08-23,6,2027-02-23,In Use,9
T0314,Micrometer,Fuselage Assembly,Hall 2,2024-05-12,2026-09-28,12,2027-09-28,In Use,29
T0315,Height Gauge,Logistics,Hall 4,2023-12-03,2026-09-09,12,2027-09-09,In Use,12
T0316,Torque Wrench,Fuselage Assembly,Hall 1,2019-06-30,2026-04-28,6,2026-10-28,In Use,13
T0317,Crimping Tool,Wing Assembly,Tool Crib A,2020-11-16,2026-06-10,6,2026-12-10,In Use,17
T0318,Crimping Tool,Fuselage Assembly,Tool Crib B,2019-01-18,2026-07-10,6,2027-01-10,In Calibration,19
T0319,Height Gauge,Fuselage Assembly,Hall 4,2022-06-12,2026-04-08,12,2027-04-08,In Use,14
T0320,Multimeter,Cabin Installation,Tool Crib B,2020-05-02,2025-08-28,12,2026-08-28,In Use,16
T0321,Crimping Tool,Fuselage Assembly,Hall 2,2022-05-27,2026-08-03,6,2027-02-03,In Use,0
T0322,Digital Caliper,Fuselage Assembly,Hall 1,2020-01-11,2025-12-28,12,2026-12-28,In Use,4
T0323,Digital Caliper,Quality Lab,Hall 2,2025-06-23,2026-02-23,12,2027-02-23,In Use,19
T0324,Multimeter,Fuselage Assembly,Tool Crib B,2024-05-05,2026-01-11,12,2027-01-11,In Use,14
T0325,Torque Wrench,Wing Assembly,Tool Crib A,2022-11-01,2026-04-17,6,2026-10-17,In Use,11
T0326,Torque Wrench,Cabin Installation,Tool Crib A,2023-07-11,2026-05-28,6,2026-11-28,In Use,10
T0327,Micrometer,Wing Assembly,Hall 4,2021-08-15,2026-09-16,12,2027-09-16,In Use,0
T0328,Pressure Gauge,Logistics,Hall 4,2020-05-03,2026-09-03,6,2027-03-03,In Use,26
T0329,Height Gauge,Fuselage Assembly,Hall 4,2019-02-23,2026-07-07,12,2027-07-07,In Use,18
T0330,Pressure Gauge,Cabin Installation,Hall 1,2024-02-29,2026-04-25,6,2026-10-25,In Use,0
T0331,Dial Indicator,Logistics,Hall 3,2024-05-03,2026-03-22,12,2027-03-22,In Use,3
T0332,Dial Indicator,Wing Assembly,Hall 3,2024-06-11,2026-06-25,12,2027-06-25,In Use,9
T0333,Crimping Tool,Fuselage Assembly,Hall 1,2019-01-19,2026-09-18,6,2027-03-18,In Use,6
T0334,Height Gauge,Cabin Installation,Hall 2,2022-02-14,2026-05-02,12,2027-05-02,In Use,8
T0335,Height Gauge,Cabin Installation,Tool Crib A,2024-10-29,2026-09-12,12,2027-09-12,In Use,12
T0336,Height Gauge,Wing Assembly,Hall 2,2021-10-11,2025-10-16,12,2026-10-16,In Use,20
T0337,Torque Wrench,Cabin Installation,Hall 1,2019-11-19,2026-04-24,6,2026-10-24,In Use,8
T0338,Pressure Gauge,Quality Lab,Hall 1,2022-09-05,2026-05-25,6,2026-11-25,In Use,21
T0339,Torque Wrench,Logistics,Hall 1,2024-09-24,2026-06-18,6,2026-12-18,In Use,17
T0340,Crimping Tool,Wing Assembly,Hall 3,2019-02-13,2026-06-15,6,2026-12-15,In Use,18
T0341,Multimeter,Fuselage Assembly,Hall 2,2018-11-17,2025-09-24,12,2026-09-24,In Use,15
T0342,Height Gauge,Wing Assembly,Hall 1,2021-04-07,2026-01-15,12,2027-01-15,In Use,15
T0343,Height Gauge,Wing Assembly,Hall 4,2021-01-15,2026-02-24,12,2027-02-24,In Use,13
T0344,Torque Wrench,Quality Lab,Hall 1,2023-08-12,2026-08-15,6,2027-02-15,In Use,11
T0345,Dial Indicator,Wing Assembly,Hall 4,2021-04-05,2026-04-18,12,2027-04-18,In Use,12
T0346,Dial Indicator,Cabin Installation,Hall 2,2023-12-31,2025-10-22,12,2026-10-22,In Use,0
T0347,Pressure Gauge,Logistics,Hall 2,2022-09-08,2026-06-10,6,2026-12-10,In Use,16
T0348,Dial Indicator,Quality Lab,Tool Crib A,2018-12-22,2026-01-16,12,2027-01-16,In Use,14
T0349,Dial Indicator,Wing Assembly,Tool Crib A,2021-03-31,2026-08-16,12,2027-08-16,In Use,13
T0350,Dial Indicator,Fuselage Assembly,Hall 2,2024-05-12,2026-02-14,12,2027-02-14,In Use,13
T0351,Crimping Tool,Quality Lab,Hall 3,2020-02-29,2026-04-21,6,2026-10-21,In Use,13
T0352,Digital Caliper,Fuselage Assembly,Hall 4,2022-06-27,2025-12-08,12,2026-12-08,In Use,18
T0353,Digital Caliper,Logistics,Hall 1,2025-05-19,2025-10-11,12,2026-10-11,In Use,16
T0354,Height Gauge,Quality Lab,Tool Crib A,2020-04-16,2026-04-27,12,2027-04-27,In Use,8
T0355,Micrometer,Fuselage Assembly,Hall 2,2025-02-15,2026-01-10,12,2027-01-10,In Use,5
T0356,Dial Indicator,Fuselage Assembly,Hall 1,2023-05-04,2026-01-02,12,2027-01-02,In Use,0
T0357,Crimping Tool,Cabin Installation,Hall 4,2020-03-07,2026-07-24,6,2027-01-24,In Use,14
T0358,Multimeter,Fuselage Assembly,Hall 1,2024-03-28,2026-08-25,12,2027-08-25,In Use,13
T0359,Torque Wrench,Fuselage Assembly,Hall 4,2020-06-25,2026-05-16,6,2026-11-16,In Use,12
T0360,Digital Caliper,Fuselage Assembly,Hall 4,2020-04-27,2026-04-28,12,2027-04-28,In Use,1
T0361,Multimeter,Fuselage Assembly,Tool Crib B,2024-02-27,2026-09-24,12,2027-09-24,In Use,25
T0362,Height Gauge,Logistics,Tool Crib A,2020-05-20,2025-10-27,12,2026-10-27,In Use,20
T0363,Multimeter,Fuselage Assembly,Hall 4,2021-03-10,2026-05-13,12,2027-05-13,In Use,12
T0364,Digital Caliper,Wing Assembly,Hall 2,2021-10-13,2026-04-28,12,2027-04-28,In Use,19
T0365,Multimeter,Quality Lab,Tool Crib A,2021-04-18,2026-04-08,12,2027-04-08,In Use,17
T0366,Height Gauge,Fuselage Assembly,Tool Crib A,2021-01-03,2026-06-22,12,2027-06-22,In Calibration,20
T0367,Pressure Gauge,Fuselage Assembly,Tool Crib A,2023-02-28,2026-07-09,6,2027-01-09,In Use,17
T0368,Torque Wrench,Cabin Installation,Hall 3,2023-10-19,2026-08-15,6,2027-02-15,In Use,13
T0369,Crimping Tool,Quality Lab,Hall 3,2021-01-07,2026-06-08,6,2026-12-08,Out of Service,18
T0370,Crimping Tool,Wing Assembly,Hall 2,2023-10-30,2026-06-27,6,2026-12-27,In Calibration,12
T0371,Dial Indicator,Wing Assembly,Hall 4,2023-05-16,2026-06-12,12,2027-06-12,In Use,4
T0372,Micrometer,Cabin Installation,Tool Crib A,2019-08-10,2026-01-28,12,2027-01-28,In Use,11
T0373,Digital Caliper,Quality Lab,Tool Crib B,2021-06-28,2026-01-19,12,2027-01-19,In Use,23
T0374,Pressure Gauge,Wing Assembly,Tool Crib A,2022-06-25,2026-08-30,6,2027-02-28,In Use,8
T0375,Dial Indicator,Logistics,Tool Crib B,2019-02-13,2026-05-20,12,2027-05-20,In Use,16
T0376,Digital Caliper,Cabin Installation,Hall 3,2020-07-25,2026-05-30,12,2027-05-28,In Use,18
T0377,Multimeter,Fuselage Assembly,Tool Crib A,2025-05-11,2026-07-23,12,2027-07-23,In Use,18
T0378,Multimeter,Cabin Installation,Tool Crib A,2021-11-19,2026-03-19,12,2027-03-19,In Use,15
T0379,Dial Indicator,Wing Assembly,Tool Crib A,2021-03-28,2026-02-27,12,2027-02-27,In Use,10
T0380,Digital Caliper,Fuselage Assembly,Hall 2,2018-09-25,2026-06-11,12,2027-06-11,In Calibration,11
T0381,Pressure Gauge,Quality Lab,Hall 2,2019-03-05,2026-07-05,6,2027-01-05,In Use,30
T0382,Torque Wrench,Quality Lab,Hall 1,2022-05-01,2026-06-16,6,2026-12-16,In Calibration,3
T0383,Multimeter,Cabin Installation,Tool Crib A,2019-02-06,2026-08-18,12,2027-08-18,In Use,18
T0384,Micrometer,Quality Lab,Tool Crib B,2019-08-24,2026-04-11,12,2027-04-11,In Use,19
T0385,Dial Indicator,Logistics,Tool Crib A,2018-08-01,2025-12-24,12,2026-12-24,In Use,20
T0386,Crimping Tool,Logistics,Tool Crib B,2021-10-30,2026-08-16,6,2027-02-16,In Use,14
T0387,Digital Caliper,Cabin Installation,Hall 2,2020-09-05,2026-08-17,12,2027-08-17,In Use,3
T0388,Height Gauge,Fuselage Assembly,Hall 4,2025-06-13,2025-11-03,12,2026-11-03,In Use,26
T0389,Crimping Tool,Fuselage Assembly,Hall 3,2020-02-23,2026-09-06,6,2027-03-06,In Use,23
T0390,Pressure Gauge,Quality Lab,Hall 4,2025-05-31,2026-06-06,6,2026-12-06,In Use,20
T0391,Crimping Tool,Cabin Installation,Hall 1,2025-03-08,2026-05-04,6,2026-11-04,In Use,16
T0392,Digital Caliper,Fuselage Assembly,Hall 1,2020-10-29,2026-10-05,12,2027-10-05,In Use,11
T0393,Torque Wrench,Wing Assembly,Tool Crib B,2024-12-10,2026-07-28,6,2027-01-28,In Use,16
T0394,Torque Wrench,Wing Assembly,Tool Crib A,2021-12-28,2026-08-19,6,2027-02-19,In Use,20
T0395,Micrometer,Fuselage Assembly,Hall 2,2022-03-18,2026-07-12,12,2027-07-12,In Use,15
T0396,Digital Caliper,Wing Assembly,Hall 1,2020-05-03,2026-08-28,12,2027-08-28,In Use,20
T0397,Pressure Gauge,Cabin Installation,Hall 2,2020-06-10,2026-08-13,6,2027-02-13,In Use,17
T0398,Pressure Gauge,Fuselage Assembly,Hall 4,2023-03-21,2026-05-16,6,2026-11-16,In Use,4
T0399,Digital Caliper,Fuselage Assembly,Hall 1,2024-03-16,2025-12-13,12,2026-12-13,In Use,15
T0400,Multimeter,Logistics,Hall 3,2019-12-22,2026-08-05,12,2027-08-05,In Use,6
T0401,Crimping Tool,Cabin Installation,Hall 1,2020-04-02,2026-07-11,6,2027-01-11,In Use,8
T0402,Height Gauge,Cabin Installation,Tool Crib A,2021-11-25,2025-04-13,12,2026-04-13,In Use,11
T0403,Digital Caliper,Quality Lab,Tool Crib A,2023-02-13,2025-10-27,12,2026-10-27,In Use,25
T0404,Micrometer,Logistics,Hall 4,2019-08-01,2026-01-18,12,2027-01-18,In Use,14
T0405,Pressure Gauge,Fuselage Assembly,Hall 4,2023-04-27,2026-07-06,6,2027-01-06,In Use,14
T0406,Crimping Tool,Wing Assembly,Hall 1,2020-12-21,2026-07-11,6,2027-01-11,In Use,13
T0407,Crimping Tool,Cabin Installation,Hall 1,2020-08-10,2026-09-08,6,2027-03-08,In Use,13
T0408,Micrometer,Cabin Installation,Hall 2,2020-04-23,2025-12-07,12,2026-12-07,In Use,9
T0409,Height Gauge,Fuselage Assembly,Hall 3,2021-03-12,2026-07-13,12,2027-07-13,In Use,10
T0410,Dial Indicator,Cabin Installation,Hall 2,2023-09-16,2026-04-07,12,2027-04-07,In Use,22
T0411,Multimeter,Logistics,Hall 4,2019-08-23,2026-02-03,12,2027-02-03,In Use,22
T0412,Height Gauge,Fuselage Assembly,Tool Crib B,2023-05-07,2026-05-24,12,2027-05-24,In Use,15
T0413,Height Gauge,Wing Assembly,Hall 1,2024-11-27,2026-01-08,12,2027-01-08,In Use,17
T0414,Torque Wrench,Cabin Installation,Hall 1,2023-12-14,2026-07-09,6,2027-01-09,In Use,20
T0415,Crimping Tool,Quality Lab,Hall 2,2024-12-18,2026-08-12,6,2027-02-12,In Calibration,13
T0416,Height Gauge,Fuselage Assembly,Tool Crib A,2022-07-20,2026-08-05,12,2027-08-05,In Use,14
T0417,Micrometer,Fuselage Assembly,Hall 1,2024-08-10,2026-07-11,12,2027-07-11,In Use,12
T0418,Height Gauge,Wing Assembly,Hall 2,2023-01-24,2026-06-13,12,2027-06-13,Out of Service,9
T0419,Dial Indicator,Fuselage Assembly,Tool Crib B,2025-03-31,2026-07-28,12,2027-07-28,In Use,23
T0420,Multimeter,Quality Lab,Hall 1,2023-02-07,2026-02-23,12,2027-02-23,In Use,7
T0421,Height Gauge,Fuselage Assembly,Hall 2,2023-07-07,2025-10-03,12,2026-10-03,In Use,19
T0422,Dial Indicator,Fuselage Assembly,Hall 2,2022-11-18,2026-02-09,12,2027-02-09,In Use,2
T0423,Height Gauge,Fuselage Assembly,Tool Crib A,2021-05-24,2026-04-13,12,2027-04-13,In Use,8
T0424,Height Gauge,Fuselage Assembly,Tool Crib A,2024-02-21,2026-05-05,12,2027-05-05,In Use,9
T0425,Digital Caliper,Wing Assembly,Hall 4,2025-03-27,2026-06-07,12,2027-06-07,In Use,10
T0426,Pressure Gauge,Fuselage Assembly,Hall 4,2025-04-14,2026-07-22,6,2027-01-22,In Use,13
T0427,Digital Caliper,Cabin Installation,Tool Crib A,2023-07-22,2026-04-11,12,2027-04-11,In Use,16
T0428,Crimping Tool,Quality Lab,Hall 1,2022-08-28,2026-05-11,6,2026-11-11,In Use,11
T0429,Micrometer,Quality Lab,Hall 1,2023-07-10,2026-01-22,12,2027-01-22,In Use,2
T0430,Torque Wrench,Fuselage Assembly,Hall 3,2025-08-04,2026-07-23,6,2027-01-23,In Use,10
T0431,Crimping Tool,Logistics,Hall 4,2022-12-26,2026-06-20,6,2026-12-20,In Use,9
T0432,Pressure Gauge,Fuselage Assembly,Hall 1,2022-01-22,2026-10-04,6,2027-04-04,In Use,0
T0433,Micrometer,Wing Assembly,Hall 1,2024-09-11,2026-02-12,12,2027-02-12,In Use,24
T0434,Dial Indicator,Logistics,Tool Crib B,2025-05-06,2026-07-27,12,2027-07-27,In Use,0
T0435,Height Gauge,Fuselage Assembly,Hall 2,2021-12-09,2025-12-28,12,2026-12-28,In Use,21
T0436,Multimeter,Fuselage Assembly,Hall 1,2024-09-08,2025-11-04,12,2026-11-04,In Calibration,24
T0437,Pressure Gauge,Quality Lab,Tool Crib B,2020-12-02,2026-05-29,6,2026-11-28,In Calibration,10
T0438,Digital Caliper,Fuselage Assembly,Hall 2,2019-03-28,2026-05-15,12,2027-05-15,In Use,15
T0439,Height Gauge,Quality Lab,Tool Crib B,2022-04-26,2026-08-15,12,2027-08-15,In Use,10
T0440,Dial Indicator,Fuselage Assembly,Tool Crib B,2022-01-17,2026-07-01,12,2027-07-01,In Use,10
T0441,Pressure Gauge,Quality Lab,Tool Crib B,2025-07-27,2026-05-16,6,2026-11-16,In Use,32
T0442,Crimping Tool,Cabin Installation,Tool Crib B,2024-01-03,2026-09-02,6,2027-03-02,In Calibration,16
T0443,Pressure Gauge,Fuselage Assembly,Tool Crib A,2019-04-01,2026-08-22,6,2027-02-22,Out of Service,21
T0444,Digital Caliper,Quality Lab,Hall 1,2023-05-07,2026-08-10,12,2027-08-10,In Use,17
T0445,Digital Caliper,Logistics,Tool Crib B,2019-12-30,2026-03-04,12,2027-03-04,In Use,12
T0446,Crimping Tool,Cabin Installation,Tool Crib B,2021-09-21,2026-09-17,6,2027-03-17,Lost,13
T0447,Micrometer,Cabin Installation,Hall 4,2024-11-17,2026-10-05,12,2027-10-05,In Use,3
T0448,Dial Indicator,Fuselage Assembly,Hall 4,2018-11-26,2026-01-25,12,2027-01-25,In Calibration,18
T0449,Pressure Gauge,Wing Assembly,Hall 4,2024-06-29,2026-04-08,6,2026-10-08,In Use,2
T0450,Micrometer,Fuselage Assembly,Hall 4,2019-11-30,2025-11-25,12,2026-11-25,In Use,8
T0451,Micrometer,Wing Assembly,Hall 1,2021-09-14,2026-05-04,12,2027-05-04,In Use,12
T0452,Digital Caliper,Quality Lab,Tool Crib B,2024-08-15,2025-12-09,12,2026-12-09,In Use,3
T0453,Digital Caliper,Wing Assembly,Tool Crib A,2018-10-05,2025-12-13,12,2026-12-13,In Use,25
T0454,Torque Wrench,Cabin Installation,Tool Crib B,2023-10-13,2026-09-15,6,2027-03-15,In Calibration,9
T0455,Dial Indicator,Fuselage Assembly,Hall 4,2022-04-03,2026-08-02,12,2027-08-02,In Use,7
T0456,Crimping Tool,Fuselage Assembly,Tool Crib B,2020-11-03,2026-07-11,6,2027-01-11,In Use,13
T0457,Pressure Gauge,Fuselage Assembly,Hall 1,2022-06-24,2026-04-12,6,2026-10-12,In Use,20
T0458,Torque Wrench,Fuselage Assembly,Hall 4,2021-10-24,2026-07-13,6,2027-01-13,In Use,24
T0459,Digital Caliper,Quality Lab,Hall 1,2020-01-15,2026-07-21,12,2027-07-21,Lost,13
T0460,Dial Indicator,Wing Assembly,Hall 1,2022-03-27,2026-08-28,12,2027-08-28,In Use,20
T0461,Micrometer,Fuselage Assembly,Hall 1,2025-02-01,2026-01-05,12,2027-01-05,In Use,10
T0462,Torque Wrench,Cabin Installation,Hall 1,2024-03-18,2026-05-28,6,2026-11-28,In Use,11
T0463,Digital Caliper,Logistics,Hall 3,2018-09-24,2026-03-29,12,2027-03-28,In Use,0
T0464,Crimping Tool,Wing Assembly,Hall 3,2024-05-10,2026-07-04,6,2027-01-04,In Use,15
T0465,Pressure Gauge,Fuselage Assembly,Tool Crib B,2023-11-17,2026-08-21,6,2027-02-21,In Use,25
T0466,Pressure Gauge,Logistics,Tool Crib A,2023-04-26,2026-03-05,6,2026-09-05,In Use,25
T0467,Digital Caliper,Quality Lab,Hall 4,2021-05-22,2026-08-07,12,2027-08-07,In Use,18
T0468,Pressure Gauge,Quality Lab,Tool Crib B,2020-10-21,2026-06-10,6,2026-12-10,In Use,17
T0469,Micrometer,Quality Lab,Hall 1,2025-07-16,2026-05-20,12,2027-05-20,In Use,14
T0470,Multimeter,Fuselage Assembly,Hall 3,2018-08-21,2026-07-11,12,2027-07-11,In Use,15
T0471,Height Gauge,Fuselage Assembly,Hall 2,2025-01-17,2025-10-22,12,2026-10-22,In Use,16
T0472,Torque Wrench,Fuselage Assembly,Hall 2,2021-05-08,2026-04-14,6,2026-10-14,In Calibration,19
T0473,Micrometer,Wing Assembly,Hall 1,2021-12-01,2026-07-11,12,2027-07-11,In Use,14
T0474,Torque Wrench,Logistics,Tool Crib B,2024-01-03,2026-08-21,6,2027-02-21,In Use,11
T0475,Pressure Gauge,Wing Assembly,Hall 2,2019-07-06,2026-07-18,6,2027-01-18,In Use,19
T0476,Multimeter,Wing Assembly,Hall 1,2019-06-28,2026-05-03,12,2027-05-03,In Use,12
T0477,Height Gauge,Quality Lab,Hall 1,2023-11-25,2026-09-22,12,2027-09-22,In Use,11
T0478,Multimeter,Fuselage Assembly,Tool Crib A,2024-12-31,2025-11-24,12,2026-11-24,In Use,13
T0479,Multimeter,Logistics,Tool Crib A,2020-01-17,2026-02-10,12,2027-02-10,In Use,10
T0480,Digital Caliper,Quality Lab,Hall 3,2020-06-02,2026-05-09,12,2027-05-09,In Calibration,18
T0481,Micrometer,Cabin Installation,Hall 3,2024-12-09,2026-03-27,12,2027-03-27,In Use,14
T0482,Digital Caliper,Logistics,Tool Crib B,2025-07-30,2026-01-28,12,2027-01-28,In Use,11
T0483,Digital Caliper,Wing Assembly,Hall 2,2020-01-10,2025-11-01,12,2026-11-01,In Use,11
T0484,Pressure Gauge,Quality Lab,Hall 1,2024-02-04,2026-04-20,6,2026-10-20,In Use,13
T0485,Torque Wrench,Fuselage Assembly,Hall 4,2022-03-15,2026-08-08,6,2027-02-08,In Use,6
T0486,Torque Wrench,Wing Assembly,Hall 1,2022-06-16,2026-07-02,6,2027-01-02,In Use,7
T0487,Pressure Gauge,Wing Assembly,Hall 4,2020-06-27,2026-08-30,6,2027-02-28,In Use,17
T0488,Micrometer,Cabin Installation,Tool Crib B,2022-01-30,2026-06-24,12,2027-06-24,In Use,11
T0489,Micrometer,Fuselage Assembly,Hall 3,2024-11-23,2026-04-12,12,2027-04-12,In Use,9
T0490,Multimeter,Fuselage Assembly,Tool Crib A,2021-10-03,2026-04-09,12,2027-04-09,In Use,17
T0491,Micrometer,Wing Assembly,Hall 2,2022-02-14,2026-09-18,12,2027-09-18,In Use,10
T0492,Pressure Gauge,Wing Assembly,Hall 2,2019-07-20,2026-04-19,6,2026-10-19,In Use,20
T0493,Height Gauge,Wing Assembly,Hall 1,2023-09-09,2026-06-17,12,2027-06-17,In Use,16
T0494,Digital Caliper,Fuselage Assembly,Hall 1,2025-06-27,2026-05-08,12,2027-05-08,In Use,4
T0495,Multimeter,Logistics,Hall 3,2023-04-19,2025-12-28,12,2026-12-28,In Use,15
T0496,Pressure Gauge,Cabin Installation,Hall 1,2022-09-02,2026-09-11,6,2027-03-11,In Use,17
T0497,Dial Indicator,Fuselage Assembly,Hall 2,2021-04-17,2025-12-07,12,2026-12-07,In Use,25
T0498,Crimping Tool,Fuselage Assembly,Hall 3,2024-08-16,2026-03-13,6,2026-09-13,In Use,16
T0499,Torque Wrench,Fuselage Assembly,Hall 3,2024-01-23,2026-09-21,6,2027-03-21,In Use,18
T0500,Height Gauge,Quality Lab,Hall 1,2023-08-28,2026-02-10,12,2027-02-10,In Use,14
