event_id,tool_id,calibration_date,result,cost_eur,turnaround_days
EV00001,T0001,2025-01-10,Pass,39.73,3
EV00002,T0001,2026-02-13,Pass,25.6,6
EV00003,T0002,2025-10-27,Pass,65.31,5
EV00004,T0003,2025-06-08,Adjusted,91.5,7
EV00005,T0003,2026-06-08,Pass,66.27,6
EV00006,T0004,2025-07-29,Pass,28.25,3
EV00007,T0004,2026-07-28,Pass,26.43,8
EV00008,T0005,2025-03-15,Pass,108.3,6
EV00009,T0005,2025-09-15,Fail,183.66,7
EV00010,T0005,2026-04-02,Pass,113.08,5
EV00011,T0006,2025-05-25,Pass,45.12,3
EV00012,T0006,2026-05-25,Adjusted,33.2,4
EV00013,T0007,2025-02-28,Pass,78.79,6
EV00014,T0007,2025-09-23,Adjusted,45.15,5
EV00015,T0007,2026-03-23,Pass,67.85,2
EV00016,T0008,2024-09-07,Pass,42.22,7
EV00017,T0008,2025-09-07,Pass,35.99,7
EV00018,T0008,2026-09-17,Pass,50.4,5
EV00019,T0009,2025-04-11,Pass,91.8,1
EV00020,T0009,2026-04-11,Pass,82.08,2
EV00021,T0010,2025-11-05,Pass,95.31,9
EV00022,T0010,2026-05-06,Fail,99.02,9
EV00023,T0011,2025-04-03,Pass,76.79,1
EV00024,T0011,2026-04-03,Pass,102.69,5
EV00025,T0012,2025-06-08,Pass,33.44,5
EV00026,T0013,2024-12-25,Pass,52.56,1
EV00027,T0013,2026-01-08,Pass,49.63,6
EV00028,T0014,2024-10-06,Pass,43.55,5
EV00029,T0014,2025-10-06,Pass,51.32,5
EV00030,T0015,2024-11-09,Pass,62.38,9
EV00031,T0015,2025-05-09,Pass,75.65,7
EV00032,T0015,2025-11-09,Pass,75.94,8
EV00033,T0015,2026-05-09,Pass,116.14,8
EV00034,T0016,2024-10-12,Pass,66.63,8
EV00035,T0017,2025-06-17,Adjusted,62.68,9
EV00036,T0017,2026-07-02,Pass,72.74,9
EV00037,T0018,2025-02-17,Pass,52.27,2
EV00038,T0018,2025-08-17,Adjusted,87.53,7
EV00039,T0018,2026-02-17,Adjusted,46.62,3
EV00040,T0018,2026-08-17,Fail,98.25,13
EV00041,T0019,2025-04-03,Pass,39.99,8
EV00042,T0019,2026-04-03,Pass,28.25,6
EV00043,T0020,2024-12-13,Pass,111.52,6
EV00044,T0020,2025-06-13,Pass,107.72,10
EV00045,T0020,2025-12-24,Pass,111.86,6
EV00046,T0020,2026-06-24,Pass,98.49,1
EV00047,T0021,2024-09-26,Adjusted,40.86,5
EV00048,T0021,2025-09-26,Pass,39.63,3
EV00049,T0021,2026-09-26,Pass,47.72,11
EV00050,T0022,2025-05-09,Pass,97.39,5
EV00051,T0022,2025-11-09,Pass,100.01,4
EV00052,T0022,2026-05-14,Pass,99.9,2
EV00053,T0023,2025-06-30,Pass,64.5,4
EV00054,T0023,2026-06-28,Pass,73.0,7
EV00055,T0024,2025-02-26,Pass,63.23,6
EV00056,T0024,2025-08-26,Pass,61.9,6
EV00057,T0024,2026-02-26,Pass,55.15,5
EV00058,T0024,2026-08-26,Adjusted,59.07,3
EV00059,T0025,2024-11-08,Pass,126.1,4
EV00060,T0025,2025-11-08,Pass,111.68,11
EV00061,T0026,2025-04-25,Pass,87.31,3
EV00062,T0026,2026-04-25,Pass,89.22,2
EV00063,T0027,2024-12-25,Adjusted,40.19,3
EV00064,T0027,2025-12-29,Pass,52.62,2
EV00065,T0028,2024-12-23,Pass,60.71,7
EV00066,T0028,2025-06-23,Pass,52.0,1
EV00067,T0028,2025-12-23,Pass,62.93,5
EV00068,T0028,2026-06-23,Pass,53.69,1
EV00069,T0029,2025-02-21,Pass,38.17,7
EV00070,T0030,2025-04-06,Pass,28.99,5
EV00071,T0030,2026-04-08,Pass,36.28,7
EV00072,T0031,2025-02-13,Adjusted,25.51,4
EV00073,T0031,2026-02-13,Pass,39.3,9
EV00074,T0032,2024-09-28,Pass,33.57,3
EV00075,T0032,2025-10-04,Pass,41.45,11
EV00076,T0032,2026-10-04,Pass,39.15,9
EV00077,T0033,2025-01-22,Pass,87.18,10
EV00078,T0033,2026-01-22,Pass,101.56,6
EV00079,T0034,2025-01-17,Pass,52.01,5
EV00080,T0034,2026-01-28,Pass,32.14,5
EV00081,T0035,2025-02-04,Pass,118.43,4
EV00082,T0035,2026-02-04,Pass,99.79,9
EV00083,T0036,2025-03-02,Adjusted,72.98,7
EV00084,T0036,2025-09-02,Pass,118.6,3
EV00085,T0036,2026-03-03,Pass,73.65,6
EV00086,T0036,2026-09-03,Pass,118.46,6
EV00087,T0037,2025-02-28,Pass,52.31,3
EV00088,T0037,2026-02-28,Pass,87.0,5
EV00089,T0038,2024-11-06,Pass,68.73,3
EV00090,T0038,2025-11-06,Pass,90.88,4
EV00091,T0039,2025-07-24,Pass,38.21,6
EV00092,T0039,2026-08-05,Fail,54.42,9
EV00093,T0040,2024-11-03,Pass,114.5,7
EV00094,T0040,2025-05-03,Adjusted,69.96,4
EV00095,T0040,2025-11-03,Pass,67.46,9
EV00096,T0041,2025-02-04,Pass,119.97,7
EV00097,T0041,2025-08-04,Pass,62.41,6
EV00098,T0041,2026-02-04,Pass,70.89,3
EV00099,T0041,2026-08-04,Pass,89.5,7
EV00100,T0042,2024-09-25,Pass,36.29,9
EV00101,T0042,2025-10-02,Pass,49.76,5
EV00102,T0042,2026-10-02,Pass,38.26,6
EV00103,T0043,2025-04-19,Pass,71.81,9
EV00104,T0043,2026-04-19,Pass,63.98,6
EV00105,T0044,2025-05-25,Pass,40.39,3
EV00106,T0044,2026-05-25,Adjusted,34.77,6
EV00107,T0045,2024-11-14,Pass,44.9,7
EV00108,T0045,2025-07-26,Pass,40.2,1
EV00109,T0045,2026-01-26,Pass,54.32,3
EV00110,T0046,2025-05-18,Pass,32.52,8
EV00111,T0046,2026-05-20,Pass,31.99,6
EV00112,T0047,2025-02-20,Fail,74.4,12
EV00113,T0047,2025-08-20,Pass,68.39,2
EV00114,T0047,2026-02-20,Pass,56.61,2
EV00115,T0047,2026-08-29,Pass,38.16,4
EV00116,T0048,2025-04-01,Pass,64.38,6
EV00117,T0048,2025-10-24,Adjusted,52.88,7
EV00118,T0048,2026-04-24,Pass,75.74,2
EV00119,T0049,2024-10-14,Pass,65.55,1
EV00120,T0049,2025-10-14,Pass,69.09,5
EV00121,T0050,2024-09-18,Pass,79.62,9
EV00122,T0050,2025-10-20,Pass,52.21,4
EV00123,T0051,2025-02-12,Pass,61.45,10
EV00124,T0051,2025-08-12,Pass,39.79,8
EV00125,T0051,2026-02-26,Pass,36.17,5
EV00126,T0051,2026-08-26,Pass,49.54,6
EV00127,T0052,2025-02-05,Pass,38.47,10
EV00128,T0052,2026-03-07,Pass,51.5,4
EV00129,T0053,2025-01-01,Pass,78.71,5
EV00130,T0053,2025-07-01,Pass,75.37,8
EV00131,T0053,2026-01-01,Pass,87.44,4
EV00132,T0053,2026-07-01,Pass,65.89,9
EV00133,T0054,2024-11-15,Pass,32.42,6
EV00134,T0054,2025-11-15,Pass,35.8,2
EV00135,T0055,2024-09-23,Pass,34.35,4
EV00136,T0055,2025-09-23,Pass,37.35,6
EV00137,T0055,2026-09-23,Pass,31.21,4
EV00138,T0056,2024-11-08,Pass,80.41,7
EV00139,T0056,2025-05-08,Pass,81.59,10
EV00140,T0056,2025-11-12,Pass,57.48,1
EV00141,T0056,2026-05-12,Pass,69.31,6
EV00142,T0057,2024-09-20,Adjusted,49.73,6
EV00143,T0057,2025-03-20,Pass,55.78,6
EV00144,T0057,2025-09-20,Pass,56.53,5
EV00145,T0057,2026-03-20,Pass,57.52,1
EV00146,T0058,2025-03-20,Pass,74.6,5
EV00147,T0058,2026-03-20,Pass,139.62,9
EV00148,T0059,2024-12-21,Pass,87.21,8
EV00149,T0059,2025-06-21,Adjusted,85.61,4
EV00150,T0059,2026-01-02,Pass,64.03,6
EV00151,T0059,2026-07-07,Pass,108.71,2
EV00152,T0060,2025-07-01,Pass,37.03,4
EV00153,T0060,2026-07-01,Pass,32.16,5
EV00154,T0061,2024-09-14,Adjusted,76.62,3
EV00155,T0061,2025-03-15,Pass,70.48,6
EV00156,T0061,2025-09-15,Adjusted,73.49,10
EV00157,T0061,2026-03-24,Pass,60.34,3
EV00158,T0061,2026-09-24,Pass,48.82,8
EV00159,T0062,2025-04-07,Pass,45.1,8
EV00160,T0062,2026-04-17,Pass,39.73,5
EV00161,T0063,2024-11-20,Pass,60.46,5
EV00162,T0063,2025-05-20,Pass,90.02,4
EV00163,T0063,2025-11-20,Pass,64.32,6
EV00164,T0063,2026-05-21,Pass,111.73,3
EV00165,T0064,2025-01-02,Pass,67.19,10
EV00166,T0064,2025-07-20,Pass,53.34,4
EV00167,T0064,2026-01-29,Pass,40.88,4
EV00168,T0064,2026-07-28,Pass,47.23,5
EV00169,T0065,2025-01-27,Pass,45.7,7
EV00170,T0065,2026-01-27,Pass,44.49,3
EV00171,T0066,2025-03-27,Pass,45.6,5
EV00172,T0066,2025-09-27,Pass,50.82,6
EV00173,T0066,2026-03-30,Pass,64.94,5
EV00174,T0066,2026-09-28,Pass,51.19,1
EV00175,T0067,2025-01-13,Adjusted,63.71,10
EV00176,T0067,2025-07-31,Pass,-90.27,6
EV00177,T0067,2026-01-28,Pass,91.36,7
EV00178,T0067,2026-08-05,Pass,80.3,7
EV00179,T0068,2024-11-22,Pass,41.65,6
EV00180,T0068,2025-12-19,Pass,37.84,11
EV00181,T0069,2025-05-25,Pass,32.25,9
EV00182,T0069,2026-06-09,Pass,29.53,11
EV00183,T0070,2024-10-10,Pass,51.94,7
EV00184,T0070,2025-04-10,Pass,77.45,9
EV00185,T0070,2025-11-09,Pass,72.48,9
EV00186,T0070,2026-05-09,Pass,55.53,6
EV00187,T0071,2025-03-21,Pass,99.31,6
EV00188,T0071,2026-03-21,Pass,73.65,7
EV00189,T0072,2025-01-24,Pass,73.1,3
EV00190,T0072,2026-01-24,Adjusted,90.97,8
EV00191,T0073,2025-01-06,Pass,79.12,9
EV00192,T0073,2025-07-19,Adjusted,62.3,8
EV00193,T0073,2026-01-19,Pass,88.15,4
EV00194,T0073,2026-07-19,Pass,61.14,6
EV00195,T0074,2025-04-21,Pass,107.63,4
EV00196,T0074,2025-10-21,Pass,60.99,6
EV00197,T0074,2026-04-21,Pass,-68.61,2
EV00198,T0075,2024-09-18,Pass,89.15,9
EV00199,T0075,2025-04-12,Pass,77.98,6
EV00200,T0075,2025-10-12,Pass,78.08,5
EV00201,T0075,2026-04-12,Pass,52.88,6
EV00202,T0076,2024-09-29,Pass,132.01,2
EV00203,T0076,2025-10-04,Pass,103.14,8
EV00204,T0077,2024-12-27,Pass,61.02,7
EV00205,T0077,2025-06-27,Pass,52.41,4
EV00206,T0077,2025-12-27,Pass,63.04,5
EV00207,T0077,2026-06-27,Pass,54.09,4
EV00208,T0078,2025-04-23,Adjusted,51.75,1
EV00209,T0078,2026-07-13,Pass,53.7,9
EV00210,T0079,2024-09-24,Adjusted,35.9,4
EV00211,T0079,2025-09-24,Fail,54.14,9
EV00212,T0079,2026-09-24,Pass,41.1,7
EV00213,T0080,2025-01-17,Pass,70.28,5
EV00214,T0080,2025-07-17,Pass,57.85,7
EV00215,T0080,2026-01-17,Pass,50.52,7
EV00216,T0080,2026-07-17,Pass,48.95,3
EV00217,T0081,2025-08-31,Pass,85.72,6
EV00218,T0081,2026-08-28,Adjusted,59.04,8
EV00219,T0082,2025-05-10,Pass,40.38,3
EV00220,T0082,2026-05-10,Adjusted,44.45,4
EV00221,T0083,2025-04-16,Pass,51.71,7
EV00222,T0083,2026-04-23,Pass,53.37,6
EV00223,T0084,2025-07-18,Pass,72.62,8
EV00224,T0084,2026-08-24,Pass,82.43,2
EV00225,T0085,2025-04-08,Pass,51.36,8
EV00226,T0085,2026-04-08,Pass,61.02,3
EV00227,T0086,2025-07-14,Adjusted,130.3,4
EV00228,T0086,2026-07-27,Pass,123.25,5
EV00229,T0087,2025-07-19,Pass,44.25,7
EV00230,T0087,2026-07-19,Pass,43.68,5
EV00231,T0088,2024-12-26,Pass,30.97,3
EV00232,T0088,2026-02-09,Pass,35.71,3
EV00233,T0089,2025-06-30,Pass,47.69,5
EV00234,T0089,2025-12-28,Pass,63.89,8
EV00235,T0089,2026-06-28,Pass,39.5,7
EV00236,T0090,2025-01-13,Fail,99.74,9
EV00237,T0090,2025-07-13,Adjusted,113.59,1
EV00238,T0090,2026-02-04,Pass,96.99,5
EV00239,T0090,2026-08-04,Pass,90.44,3
EV00240,T0091,2025-02-11,Pass,39.51,5
EV00241,T0091,2026-02-11,Pass,40.66,5
EV00242,T0092,2024-09-23,Pass,44.01,5
EV00243,T0092,2025-10-10,Pass,34.08,6
EV00244,T0093,2025-02-20,Pass,41.96,2
EV00245,T0093,2026-02-20,Pass,41.49,2
EV00246,T0094,2025-01-11,Pass,63.43,12
EV00247,T0094,2026-01-11,Pass,81.06,3
EV00248,T0095,2025-03-20,Pass,32.89,4
EV00249,T0095,2026-03-22,Adjusted,44.11,4
EV00250,T0096,2024-11-16,Adjusted,83.34,6
EV00251,T0096,2025-11-16,Pass,60.48,6
EV00252,T0097,2025-05-09,Pass,48.9,5
EV00253,T0098,2025-10-27,Pass,34.66,5
EV00254,T0099,2025-06-02,Pass,92.24,2
EV00255,T0099,2026-06-02,Pass,58.68,7
EV00256,T0100,2025-02-26,Pass,41.14,9
EV00257,T0100,2025-08-26,Pass,38.04,1
EV00258,T0100,2026-02-26,Adjusted,39.92,5
EV00259,T0101,2025-01-04,Pass,84.32,1
EV00260,T0101,2025-07-04,Pass,67.04,5
EV00261,T0101,2026-01-04,Pass,96.88,6
EV00262,T0101,2026-07-13,Pass,96.34,3
EV00263,T0102,2024-09-27,Pass,91.69,2
EV00264,T0102,2025-05-15,Pass,114.17,6
EV00265,T0102,2025-12-19,Pass,86.51,4
EV00266,T0102,2026-06-19,Pass,86.73,2
EV00267,T0103,2025-01-15,Pass,83.56,5
EV00268,T0103,2026-01-16,Adjusted,94.74,6
EV00269,T0104,2025-04-24,Pass,48.14,3
EV00270,T0104,2026-04-24,Pass,43.07,8
EV00271,T0105,2025-01-03,Pass,69.5,1
EV00272,T0105,2025-07-05,Pass,57.4,9
EV00273,T0105,2026-01-09,Pass,63.87,6
EV00274,T0105,2026-07-23,Pass,49.54,9
EV00275,T0106,2024-10-05,Adjusted,139.54,6
EV00276,T0106,2025-10-05,Pass,124.08,11
EV00277,T0106,2026-10-05,Pass,131.34,9
EV00278,T0107,2025-06-18,Pass,54.31,9
EV00279,T0107,2026-06-18,Pass,40.41,4
EV00280,T0108,2025-10-23,Pass,40.41,3
EV00281,T0109,2025-02-26,Pass,62.37,6
EV00282,T0109,2025-09-03,Pass,73.02,2
EV00283,T0109,2026-03-15,Pass,72.71,4
EV00284,T0109,2026-09-16,Pass,114.87,1
EV00285,T0110,2025-02-11,Pass,40.26,8
EV00286,T0110,2026-02-11,Adjusted,49.63,1
EV00287,T0111,2025-09-02,Pass,95.04,5
EV00288,T0111,2026-03-07,Pass,94.19,6
EV00289,T0111,2026-09-07,Pass,105.8,9
EV00290,T0112,2025-05-15,Pass,52.23,6
EV00291,T0113,2024-09-09,Pass,87.36,9
EV00292,T0113,2025-03-09,Pass,99.56,7
EV00293,T0113,2025-09-27,Fail,165.33,10
EV00294,T0113,2026-03-27,Pass,90.13,5
EV00295,T0113,2026-09-27,Adjusted,115.08,3
EV00296,T0114,2025-04-30,Pass,44.8,8
EV00297,T0114,2026-05-09,Pass,42.16,1
EV00298,T0115,2025-08-03,Pass,44.15,5
EV00299,T0115,2026-08-03,Adjusted,43.2,7
EV00300,T0116,2025-06-12,Pass,25.66,7
EV00301,T0116,2026-06-12,Pass,40.05,5
EV00302,T0117,2025-03-02,Pass,52.53,7
EV00303,T0117,2025-09-02,Fail,80.48,12
EV00304,T0117,2026-03-02,Pass,48.88,4
EV00305,T0117,2026-09-02,Fail,71.31,13
EV00306,T0118,2025-02-05,Pass,44.26,7
EV00307,T0118,2026-02-05,Pass,44.79,6
EV00308,T0119,2025-04-15,Pass,36.09,5
EV00309,T0119,2026-04-15,Adjusted,36.96,6
EV00310,T0120,2025-03-01,Pass,68.33,5
EV00311,T0120,2025-10-02,Pass,85.27,5
EV00312,T0120,2026-04-03,Pass,97.5,4
EV00313,T0121,2024-11-15,Pass,112.22,9
EV00314,T0121,2025-11-15,Pass,82.43,4
EV00315,T0122,2024-12-09,Adjusted,54.73,3
EV00316,T0122,2025-06-09,Pass,68.36,4
EV00317,T0122,2025-12-09,Pass,50.35,5
EV00318,T0122,2026-06-09,Pass,49.32,9
EV00319,T0123,2025-05-10,Pass,35.69,2
EV00320,T0123,2026-05-10,Pass,33.37,12
EV00321,T0124,2024-12-01,Pass,25.89,9
EV00322,T0125,2025-01-03,Pass,95.32,5
EV00323,T0125,2025-07-03,Pass,61.47,8
EV00324,T0125,2026-01-03,Adjusted,116.44,7
EV00325,T0125,2026-07-09,Pass,88.98,8
EV00326,T0126,2025-08-04,Adjusted,41.0,7
EV00327,T0126,2026-08-04,Pass,35.32,3
EV00328,T0127,2025-03-28,Fail,72.56,12
EV00329,T0127,2026-03-28,Pass,35.14,9
EV00330,T0128,2024-10-06,Pass,65.19,9
EV00331,T0128,2025-04-06,Pass,55.89,3
EV00332,T0128,2025-10-18,Pass,56.61,7
EV00333,T0128,2026-05-08,Pass,37.97,6
EV00334,T0129,2025-07-29,Pass,48.38,5
EV00335,T0129,2026-07-28,Pass,33.34,5
EV00336,T0130,2025-06-21,Pass,104.65,4
EV00337,T0130,2026-06-21,Pass,75.79,3
EV00338,T0131,2025-06-15,Pass,110.09,5
EV00339,T0131,2026-06-15,Pass,122.98,9
EV00340,T0132,2025-08-16,Pass,111.73,7
EV00341,T0132,2026-02-21,Pass,72.59,5
EV00342,T0132,2026-08-21,Pass,111.66,3
EV00343,T0133,2025-01-22,Adjusted,69.27,5
EV00344,T0133,2025-07-22,Pass,66.51,9
EV00345,T0133,2026-01-22,Adjusted,61.25,5
EV00346,T0133,2026-07-27,Pass,59.55,6
EV00347,T0134,2025-04-26,Adjusted,85.76,6
EV00348,T0134,2026-04-26,Pass,83.74,4
EV00349,T0135,2025-07-29,Pass,32.16,8
EV00350,T0135,2026-07-31,Pass,29.24,5
EV00351,T0136,2025-01-02,Fail,138.92,11
EV00352,T0136,2025-08-24,Pass,89.81,8
EV00353,T0136,2026-02-24,Pass,58.58,9
EV00354,T0136,2026-09-19,Pass,48.71,4
EV00355,T0137,2024-10-16,Adjusted,29.52,3
EV00356,T0137,2025-10-16,Fail,62.26,14
EV00357,T0138,2024-10-29,Pass,42.62,8
EV00358,T0138,2025-10-28,Adjusted,44.86,9
EV00359,T0139,2024-12-21,Pass,86.54,7
EV00360,T0139,2025-08-20,Adjusted,103.8,4
EV00361,T0139,2026-02-20,Pass,98.68,8
EV00362,T0139,2026-09-26,Pass,116.48,3
EV00363,T0140,2025-05-24,Pass,32.25,2
EV00364,T0140,2026-05-24,Pass,49.74,6
EV00365,T0141,2024-11-16,Pass,30.34,5
EV00366,T0141,2025-12-01,Pass,37.16,3
EV00367,T0142,2024-10-17,Pass,35.08,8
EV00368,T0142,2025-10-17,Pass,39.77,2
EV00369,T0143,2025-01-03,Adjusted,96.74,9
EV00370,T0143,2025-07-03,Adjusted,60.76,7
EV00371,T0143,2026-01-24,Pass,91.03,6
EV00372,T0143,2026-07-24,Pass,82.31,5
EV00373,T0144,2025-04-28,Pass,41.53,8
EV00374,T0144,2026-04-28,Pass,41.34,7
EV00375,T0145,2025-09-14,Fail,98.21,9
EV00376,T0145,2026-03-14,Adjusted,-88.22,10
EV00377,T0145,2026-09-14,Pass,55.1,6
EV00378,T0146,2024-09-18,Pass,48.1,4
EV00379,T0146,2025-03-18,Pass,69.89,6
EV00380,T0146,2025-09-25,Pass,73.02,9
EV00381,T0146,2026-03-25,Pass,67.2,6
EV00382,T0146,2026-09-25,Pass,56.03,4
EV00383,T0147,2024-11-24,Adjusted,53.54,6
EV00384,T0147,2025-06-13,Pass,59.91,10
EV00385,T0147,2025-12-13,Pass,59.53,9
EV00386,T0147,2026-06-13,Pass,37.97,7
EV00387,T0148,2025-02-15,Pass,39.82,7
EV00388,T0148,2026-02-15,Pass,53.59,4
EV00389,T0149,2024-12-22,Pass,39.27,6
EV00390,T0149,2025-12-22,Pass,44.09,5
EV00391,T0150,2025-01-18,Pass,33.48,9
EV00392,T0150,2026-01-18,Pass,41.12,4
EV00393,T0151,2025-03-16,Pass,53.44,7
EV00394,T0151,2026-04-19,Adjusted,54.93,3
EV00395,T0152,2024-10-02,Pass,36.48,7
EV00396,T0152,2025-10-18,Pass,28.46,6
EV00397,T0153,2025-05-10,Adjusted,89.58,4
EV00398,T0153,2026-05-19,Pass,114.15,10
EV00399,T0154,2025-05-22,Pass,88.93,3
EV00400,T0154,2026-05-24,Pass,89.67,5
EV00401,T0155,2025-01-21,Pass,40.82,5
EV00402,T0155,2026-01-21,Pass,43.96,1
EV00403,T0156,2025-08-30,Pass,44.79,5
EV00404,T0156,2026-08-28,Adjusted,53.71,3
EV00405,T0157,2024-12-28,Fail,55.3,10
EV00406,T0157,2026-01-21,Pass,28.55,3
EV00407,T0158,2024-10-14,Pass,43.84,9
EV00408,T0158,2025-10-14,Adjusted,31.04,6
EV00409,T0159,2025-03-03,Pass,56.48,3
EV00410,T0159,2025-09-03,Pass,60.69,8
EV00411,T0159,2026-03-03,Pass,55.05,6
EV00412,T0159,2026-09-03,Pass,54.86,6
EV00413,T0160,2025-02-17,Pass,92.37,1
EV00414,T0160,2026-02-17,Pass,121.05,1
EV00415,T0161,2024-12-23,Pass,84.8,3
EV00416,T0161,2025-06-23,Adjusted,66.58,6
EV00417,T0161,2025-12-23,Pass,75.92,6
EV00418,T0161,2026-06-23,Pass,59.34,6
EV00419,T0162,2025-05-12,Pass,33.63,8
EV00420,T0162,2026-05-12,Pass,33.68,8
EV00421,T0163,2025-01-06,Adjusted,67.68,3
EV00422,T0163,2026-01-16,Fail,86.31,12
EV00423,T0164,2024-11-05,Pass,67.89,2
EV00424,T0164,2025-11-07,Pass,58.32,7
EV00425,T0165,2025-08-29,Pass,53.86,4
EV00426,T0165,2026-08-28,Pass,74.91,8
EV00427,T0166,2025-01-23,Pass,102.86,4
EV00428,T0166,2025-07-23,Pass,108.03,4
EV00429,T0166,2026-02-09,Pass,70.37,12
EV00430,T0166,2026-08-09,Adjusted,85.4,5
EV00431,T0167,2024-12-24,Pass,48.91,2
EV00432,T0167,2025-06-28,Pass,62.53,8
EV00433,T0167,2025-12-28,Pass,49.69,4
EV00434,T0167,2026-06-28,Pass,67.89,6
EV00435,T0168,2025-06-26,Pass,30.75,9
EV00436,T0168,2026-07-11,Pass,30.78,8
EV00437,T0169,2024-11-25,Pass,67.12,1
EV00438,T0169,2025-05-25,Adjusted,84.1,10
EV00439,T0169,2025-11-25,Pass,57.12,11
EV00440,T0169,2026-05-25,Pass,53.46,7
EV00441,T0170,2025-04-01,Adjusted,51.28,6
EV00442,T0170,2026-04-03,Pass,50.92,6
EV00443,T0171,2025-08-21,Fail,59.92,9
EV00444,T0171,2026-08-21,Pass,37.0,5
EV00445,T0172,2024-10-31,Pass,74.13,5
EV00446,T0172,2025-04-28,Fail,128.18,9
EV00447,T0172,2025-10-28,Fail,137.63,8
EV00448,T0172,2026-05-17,Pass,81.23,3
EV00449,T0173,2025-02-08,Pass,127.7,5
EV00450,T0173,2026-02-08,Pass,129.03,6
EV00451,T0174,2024-11-16,Pass,59.89,7
EV00452,T0174,2025-05-16,Pass,40.25,6
EV00453,T0174,2025-11-16,Pass,56.0,1
EV00454,T0174,2026-05-16,Pass,60.24,1
EV00455,T0175,2025-03-01,Pass,107.09,6
EV00456,T0175,2025-09-01,Pass,90.44,8
EV00457,T0175,2026-03-01,Adjusted,65.86,2
EV00458,T0175,2026-09-02,Pass,70.98,10
EV00459,T0176,2025-03-16,Pass,35.88,9
EV00460,T0176,2026-03-16,Pass,47.33,1
EV00461,T0177,2024-11-16,Pass,36.85,4
EV00462,T0177,2025-11-16,Pass,49.73,9
EV00463,T0178,2024-10-20,Pass,52.13,5
EV00464,T0178,2025-04-20,Pass,50.82,3
EV00465,T0178,2025-10-20,Pass,45.21,7
EV00466,T0179,2024-11-25,Adjusted,83.01,4
EV00467,T0179,2025-05-25,Pass,77.45,5
EV00468,T0179,2025-11-25,Pass,80.27,12
EV00469,T0179,2026-07-02,Pass,81.56,8
EV00470,T0180,2026-04-02,Pass,33.08,4
EV00471,T0181,2025-08-06,Adjusted,82.63,7
EV00472,T0181,2026-02-06,Adjusted,56.37,6
EV00473,T0181,2026-08-06,Pass,75.86,8
EV00474,T0182,2025-05-19,Pass,28.99,3
EV00475,T0182,2026-05-30,Pass,30.91,5
EV00476,T0183,2025-01-31,Pass,51.71,8
EV00477,T0183,2025-07-28,Adjusted,56.52,7
EV00478,T0183,2026-02-21,Pass,49.49,5
EV00479,T0183,2026-09-13,Pass,59.07,6
EV00480,T0184,2025-07-22,Pass,48.33,7
EV00481,T0184,2026-07-22,Pass,32.85,3
EV00482,T0185,2025-03-27,Adjusted,52.78,2
EV00483,T0185,2026-03-27,Pass,49.48,6
EV00484,T0186,2025-04-20,Adjusted,88.31,1
EV00485,T0186,2026-04-27,Pass,110.37,2
EV00486,T0187,2025-05-11,Pass,38.53,8
EV00487,T0187,2026-05-11,Pass,36.17,6
EV00488,T0188,2025-02-18,Pass,54.25,7
EV00489,T0188,2026-02-18,Pass,35.87,6
EV00490,T0189,2025-08-13,Pass,72.51,3
EV00491,T0189,2026-08-13,Pass,125.42,9
EV00492,T0190,2025-03-21,Pass,46.62,6
EV00493,T0190,2025-09-21,Pass,50.84,2
EV00494,T0190,2026-03-21,Pass,57.18,5
EV00495,T0190,2026-09-21,Pass,48.09,10
EV00496,T0191,2024-12-12,Adjusted,42.04,7
EV00497,T0191,2026-01-13,Pass,40.14,9
EV00498,T0192,2026-05-14,Pass,43.83,2
EV00499,T0193,2024-10-30,Pass,45.01,8
EV00500,T0193,2025-10-28,Pass,52.9,4
EV00501,T0194,2025-02-07,Pass,43.7,5
EV00502,T0194,2026-02-08,Pass,35.24,2
EV00503,T0195,2025-01-28,Pass,54.97,8
EV00504,T0195,2025-07-28,Pass,61.18,7
EV00505,T0195,2026-01-28,Pass,53.3,4
EV00506,T0195,2026-08-03,Adjusted,61.26,8
EV00507,T0196,2025-07-23,Pass,66.15,8
EV00508,T0196,2026-01-23,Pass,93.68,2
EV00509,T0196,2026-07-25,Pass,99.87,1
EV00510,T0197,2024-10-28,Pass,80.14,5
EV00511,T0197,2025-04-28,Pass,86.02,4
EV00512,T0197,2025-10-28,Pass,72.15,2
EV00513,T0197,2026-04-28,Pass,58.24,7
EV00514,T0198,2025-01-15,Fail,113.58,12
EV00515,T0198,2026-01-15,Fail,146.86,7
EV00516,T0199,2025-01-19,Adjusted,41.44,8
EV00517,T0199,2025-07-19,Pass,38.22,7
EV00518,T0199,2026-01-22,Pass,42.65,8
EV00519,T0199,2026-07-22,Pass,69.88,9
EV00520,T0200,2024-12-13,Pass,116.7,4
EV00521,T0200,2025-06-13,Pass,76.97,9
EV00522,T0200,2025-12-13,Pass,86.73,3
EV00523,T0201,2024-10-03,Pass,109.72,8
EV00524,T0201,2025-04-03,Pass,64.33,3
EV00525,T0201,2025-10-03,Fail,164.82,11
EV00526,T0201,2026-04-05,Pass,64.23,8
EV00527,T0202,2025-02-08,Pass,49.78,6
EV00528,T0202,2025-08-13,Pass,64.7,3
EV00529,T0202,2026-02-13,Pass,51.14,8
EV00530,T0202,2026-08-13,Pass,69.56,7
EV00531,T0203,2025-12-07,Pass,39.95,9
EV00532,T0203,2026-06-07,Pass,37.98,6
EV00533,T0204,2025-07-19,Pass,34.86,7
EV00534,T0204,2026-07-19,Pass,53.31,10
EV00535,T0205,2024-11-30,Pass,100.28,6
EV00536,T0205,2025-05-28,Pass,89.15,6
EV00537,T0205,2025-12-03,Adjusted,94.01,2
EV00538,T0205,2026-06-03,Pass,70.12,4
EV00539,T0206,2025-05-10,Pass,38.97,4
EV00540,T0206,2026-06-13,Pass,51.04,6
EV00541,T0207,2025-07-27,Adjusted,36.64,3
EV00542,T0207,2026-07-27,Pass,35.87,7
EV00543,T0208,2025-05-26,Adjusted,66.37,7
EV00544,T0208,2026-05-29,Pass,80.79,12
EV00545,T0209,2025-07-11,Pass,86.22,4
EV00546,T0209,2026-07-14,Pass,125.4,9
EV00547,T0210,2025-06-30,Pass,57.82,6
EV00548,T0210,2026-06-28,Pass,79.4,7
EV00549,T0211,2025-02-08,Fail,105.39,9
EV00550,T0211,2025-08-08,Pass,40.26,6
EV00551,T0211,2026-03-01,Pass,49.51,3
EV00552,T0211,2026-09-17,Pass,55.68,8
EV00553,T0212,2024-09-21,Adjusted,86.51,8
EV00554,T0212,2025-03-21,Pass,88.62,2
EV00555,T0212,2025-09-21,Pass,87.63,2
EV00556,T0212,2026-04-10,Pass,54.87,4
EV00557,T0213,2025-04-27,Pass,53.1,2
EV00558,T0213,2026-04-27,Adjusted,50.75,1
EV00559,T0214,2024-09-26,Pass,107.2,6
EV00560,T0214,2025-09-26,Pass,107.75,4
EV00561,T0215,2025-03-21,Pass,46.09,9
EV00562,T0215,2026-03-21,Pass,35.09,3
EV00563,T0216,2025-12-29,Pass,91.19,4
EV00564,T0216,2026-06-28,Pass,108.26,5
EV00565,T0217,2025-01-26,Pass,37.95,6
EV00566,T0217,2026-01-26,Pass,41.18,9
EV00567,T0218,2025-08-31,Pass,27.01,3
EV00568,T0218,2026-08-28,Pass,41.02,3
EV00569,T0219,2024-12-29,Pass,42.18,1
EV00570,T0219,2025-12-28,Pass,38.01,4
EV00571,T0220,2025-08-09,Pass,106.27,7
EV00572,T0220,2026-08-09,Pass,113.06,10
EV00573,T0221,2025-04-02,Pass,40.35,5
EV00574,T0221,2026-04-02,Adjusted,31.8,4
EV00575,T0222,2025-01-01,Pass,94.49,5
EV00576,T0222,2025-07-30,Adjusted,77.66,10
EV00577,T0222,2026-01-28,Pass,108.79,4
EV00578,T0222,2026-07-28,Pass,117.96,2
EV00579,T0223,2024-09-24,Pass,80.49,6
EV00580,T0223,2025-03-24,Pass,60.89,9
EV00581,T0223,2025-09-24,Pass,56.85,5
EV00582,T0223,2026-03-24,Pass,69.95,8
EV00583,T0223,2026-09-27,Pass,53.23,7
EV00584,T0224,2025-01-12,Pass,66.02,4
EV00585,T0224,2026-01-12,Adjusted,53.53,8
EV00586,T0225,2025-01-25,Pass,138.91,4
EV00587,T0225,2026-01-25,Pass,85.55,5
EV00588,T0226,2025-01-02,Pass,59.44,2
EV00589,T0226,2025-07-07,Adjusted,55.34,4
EV00590,T0226,2026-01-24,Pass,43.3,2
EV00591,T0226,2026-07-24,Pass,42.37,6
EV00592,T0227,2024-11-06,Pass,111.38,7
EV00593,T0227,2025-05-09,Pass,60.58,2
EV00594,T0227,2025-11-09,Adjusted,113.6,3
EV00595,T0227,2026-05-15,Pass,75.06,6
EV00596,T0228,2025-03-10,Pass,109.02,10
EV00597,T0228,2026-03-10,Pass,98.82,3
EV00598,T0229,2025-03-07,Pass,42.76,6
EV00599,T0229,2026-04-01,Pass,41.59,10
EV00600,T0230,2024-12-24,Adjusted,34.56,5
EV00601,T0230,2025-12-29,Pass,35.42,1
EV00602,T0231,2025-08-03,Pass,46.55,9
EV00603,T0232,2024-10-20,Pass,42.71,5
EV00604,T0232,2025-11-01,Pass,27.63,6
EV00605,T0233,2025-01-24,Pass,79.46,8
EV00606,T0233,2026-01-24,Pass,122.42,5
EV00607,T0234,2024-11-24,Pass,75.59,4
EV00608,T0234,2025-06-06,Pass,80.63,6
EV00609,T0234,2025-12-06,Fail,-184.52,13
EV00610,T0234,2026-06-08,Pass,77.58,6
EV00611,T0235,2024-12-12,Pass,64.75,3
EV00612,T0235,2025-06-12,Pass,101.64,3
EV00613,T0235,2025-12-25,Pass,71.28,3
EV00614,T0235,2026-06-30,Pass,87.17,6
EV00615,T0236,2025-01-22,Adjusted,40.96,11
EV00616,T0236,2026-01-25,Pass,40.51,6
EV00617,T0237,2024-10-13,Pass,34.54,5
EV00618,T0237,2025-10-13,Pass,39.54,12
EV00619,T0238,2025-01-18,Pass,54.38,1
EV00620,T0238,2025-07-18,Adjusted,77.77,10
EV00621,T0238,2026-01-18,Pass,50.5,3
EV00622,T0238,2026-07-18,Fail,120.0,11
EV00623,T0239,2024-09-11,Pass,36.62,6
EV00624,T0239,2025-09-11,Pass,28.1,6
EV00625,T0239,2026-09-11,Pass,31.77,4
EV00626,T0240,2025-02-16,Pass,40.77,7
EV00627,T0240,2026-02-16,Pass,33.77,7
EV00628,T0241,2025-08-29,Pass,109.67,3
EV00629,T0241,2026-08-28,Pass,111.91,5
EV00630,T0242,2024-12-13,Pass,65.9,7
EV00631,T0242,2025-06-13,Pass,56.71,5
EV00632,T0242,2025-12-13,Pass,41.65,6
EV00633,T0242,2026-06-13,Pass,40.39,5
EV00634,T0243,2024-10-26,Adjusted,70.7,7
EV00635,T0243,2025-04-26,Pass,68.66,5
EV00636,T0243,2025-10-26,Pass,48.19,4
EV00637,T0243,2026-04-26,Pass,67.11,6
EV00638,T0244,2025-06-13,Pass,36.42,7
EV00639,T0244,2025-12-13,Pass,38.4,6
EV00640,T0244,2026-06-13,Pass,41.63,4
EV00641,T0245,2025-03-09,Pass,39.05,4
EV00642,T0245,2026-03-09,Pass,35.09,6
EV00643,T0246,2025-02-16,Pass,60.41,3
EV00644,T0246,2025-08-16,Pass,42.49,6
EV00645,T0246,2026-03-04,Pass,50.66,2
EV00646,T0246,2026-09-04,Pass,53.12,8
EV00647,T0247,2025-06-18,Pass,75.72,10
EV00648,T0247,2026-07-01,Pass,90.03,6
EV00649,T0248,2024-12-04,Pass,42.98,4
EV00650,T0248,2025-12-16,Pass,25.75,6
EV00651,T0249,2025-01-01,Pass,46.99,9
EV00652,T0249,2026-01-01,Adjusted,40.49,4
EV00653,T0250,2025-06-28,Pass,34.44,5
EV00654,T0250,2026-07-20,Adjusted,41.43,8
EV00655,T0251,2024-10-27,Pass,119.82,6
EV00656,T0251,2025-04-27,Pass,75.98,2
EV00657,T0251,2025-10-27,Adjusted,84.81,7
EV00658,T0251,2026-04-27,Pass,80.67,3
EV00659,T0252,2024-10-28,Pass,52.02,2
EV00660,T0252,2025-04-28,Adjusted,78.28,6
EV00661,T0252,2025-11-29,Pass,57.95,3
EV00662,T0252,2026-07-02,Pass,59.93,5
EV00663,T0253,2025-12-28,Pass,46.59,7
EV00664,T0254,2025-08-12,Pass,38.2,7
EV00665,T0254,2026-08-12,Fail,67.76,9
EV00666,T0255,2024-10-22,Pass,105.05,1
EV00667,T0255,2025-11-04,Pass,107.06,4
EV00668,T0256,2025-01-16,Pass,90.07,4
EV00669,T0256,2026-01-16,Fail,119.96,10
EV00670,T0257,2024-10-16,Pass,78.74,3
EV00671,T0257,2025-04-25,Pass,94.86,5
EV00672,T0257,2025-11-02,Pass,113.92,8
EV00673,T0257,2026-05-02,Pass,99.37,4
EV00674,T0258,2024-09-14,Pass,65.8,5
EV00675,T0258,2025-03-14,Pass,50.51,10
EV00676,T0258,2025-09-14,Pass,62.27,3
EV00677,T0258,2026-03-18,Pass,44.34,9
EV00678,T0258,2026-09-18,Pass,43.13,5
EV00679,T0259,2024-12-10,Pass,104.4,7
EV00680,T0259,2025-12-13,Pass,71.05,5
EV00681,T0260,2025-07-19,Pass,38.12,4
EV00682,T0260,2026-07-19,Adjusted,48.38,6
EV00683,T0261,2025-01-01,Pass,46.91,2
EV00684,T0261,2025-07-01,Pass,62.8,5
EV00685,T0261,2026-01-01,Pass,47.22,2
EV00686,T0261,2026-07-20,Pass,65.76,7
EV00687,T0262,2024-11-03,Pass,110.98,5
EV00688,T0262,2025-11-03,Pass,97.51,5
EV00689,T0263,2024-11-09,Adjusted,39.12,5
EV00690,T0263,2025-11-09,Pass,44.5,5
EV00691,T0264,2024-12-07,Pass,31.28,6
EV00692,T0264,2025-12-12,Pass,34.52,1
EV00693,T0265,2026-06-17,Pass,86.65,5
EV00694,T0266,2024-12-22,Adjusted,56.67,7
EV00695,T0266,2025-12-22,Fail,141.48,8
EV00696,T0267,2025-06-27,Pass,57.98,6
EV00697,T0267,2026-06-27,Pass,91.92,7
EV00698,T0268,2024-11-08,Pass,30.49,2
EV00699,T0268,2025-11-08,Pass,27.19,5
EV00700,T0269,2025-01-17,Pass,94.78,6
EV00701,T0269,2026-01-17,Adjusted,75.32,2
EV00702,T0270,2025-10-26,Fail,125.03,14
EV00703,T0271,2024-09-09,Pass,59.15,5
EV00704,T0271,2025-03-19,Pass,61.85,7
EV00705,T0271,2025-09-19,Pass,68.6,7
EV00706,T0271,2026-03-19,Adjusted,64.18,8
EV00707,T0271,2026-09-19,Fail,63.6,9
EV00708,T0272,2025-01-29,Pass,59.2,4
EV00709,T0272,2025-07-28,Pass,84.96,5
EV00710,T0272,2026-01-28,Pass,57.62,13
EV00711,T0272,2026-07-28,Pass,70.69,7
EV00712,T0273,2025-01-17,Pass,61.72,2
EV00713,T0273,2025-07-17,Pass,68.63,7
EV00714,T0273,2026-02-01,Pass,49.17,1
EV00715,T0273,2026-08-01,Adjusted,60.31,5
EV00716,T0274,2025-11-27,Pass,51.62,9
EV00717,T0275,2025-05-31,Pass,122.19,10
EV00718,T0275,2026-05-28,Pass,84.04,6
EV00719,T0276,2025-06-20,Pass,59.3,4
EV00720,T0276,2026-07-02,Pass,62.75,6
EV00721,T0277,2025-03-07,Pass,48.88,2
EV00722,T0277,2025-09-07,Pass,76.06,8
EV00723,T0277,2026-03-07,Pass,59.95,7
EV00724,T0277,2026-09-07,Fail,138.44,14
EV00725,T0278,2025-05-05,Pass,85.67,2
EV00726,T0278,2026-05-05,Pass,133.9,2
EV00727,T0279,2024-11-03,Pass,102.29,8
EV00728,T0279,2025-11-03,Adjusted,77.21,9
EV00729,T0280,2025-01-07,Pass,108.36,2
EV00730,T0280,2026-01-07,Pass,93.85,7
EV00731,T0281,2025-03-13,Pass,66.86,4
EV00732,T0281,2025-09-22,Pass,78.48,3
EV00733,T0281,2026-03-22,Pass,109.19,7
EV00734,T0281,2026-09-25,Pass,68.34,5
EV00735,T0282,2025-04-23,Pass,80.67,2
EV00736,T0282,2026-05-21,Pass,92.45,3
EV00737,T0283,2024-10-08,Pass,40.98,6
EV00738,T0283,2025-10-11,Pass,47.22,1
EV00739,T0284,2024-12-24,Pass,39.5,7
EV00740,T0284,2026-01-17,Pass,33.09,9
EV00741,T0285,2024-10-20,Adjusted,126.42,6
EV00742,T0285,2025-10-20,Pass,118.68,9
EV00743,T0286,2025-02-08,Fail,83.9,10
EV00744,T0286,2025-09-05,Pass,55.17,6
EV00745,T0286,2026-03-05,Pass,55.31,6
EV00746,T0286,2026-09-05,Fail,96.89,6
EV00747,T0287,2025-08-12,Pass,26.56,3
EV00748,T0287,2026-09-04,Adjusted,31.87,6
EV00749,T0288,2024-11-20,Adjusted,59.33,4
EV00750,T0288,2025-05-20,Pass,57.03,4
EV00751,T0288,2025-11-20,Pass,57.97,4
EV00752,T0288,2026-06-25,Pass,39.44,9
EV00753,T0289,2025-08-10,Pass,50.2,10
EV00754,T0289,2026-08-18,Pass,51.55,3
EV00755,T0290,2025-08-11,Pass,42.75,6
EV00756,T0290,2026-08-22,Pass,45.11,7
EV00757,T0291,2025-01-06,Pass,91.83,4
EV00758,T0291,2025-07-06,Pass,78.94,6
EV00759,T0291,2026-01-06,Pass,65.84,3
EV00760,T0291,2026-07-06,Pass,99.12,5
EV00761,T0292,2024-10-26,Pass,100.66,8
EV00762,T0292,2025-04-26,Fail,102.52,8
EV00763,T0292,2025-10-26,Pass,103.52,7
EV00764,T0292,2026-05-05,Fail,153.04,11
EV00765,T0293,2024-12-10,Pass,47.39,10
EV00766,T0293,2026-01-12,Pass,53.07,7
EV00767,T0294,2025-07-04,Pass,44.92,5
EV00768,T0294,2026-08-05,Adjusted,44.59,6
EV00769,T0295,2024-12-29,Pass,66.2,8
EV00770,T0295,2025-07-14,Pass,-113.79,8
EV00771,T0295,2026-01-14,Pass,75.99,8
EV00772,T0295,2026-07-14,Pass,94.48,1
EV00773,T0296,2024-10-08,Pass,116.1,3
EV00774,T0296,2025-04-08,Pass,117.53,8
EV00775,T0296,2025-11-21,Adjusted,87.58,4
EV00776,T0296,2026-05-21,Pass,70.6,8
EV00777,T0297,2024-09-25,Pass,120.38,4
EV00778,T0297,2025-09-25,Pass,74.41,3
EV00779,T0297,2026-09-25,Pass,101.45,5
EV00780,T0298,2025-01-02,Pass,112.21,5
EV00781,T0298,2025-07-02,Pass,73.98,9
EV00782,T0298,2026-01-02,Fail,183.09,12
EV00783,T0298,2026-07-02,Pass,98.93,9
EV00784,T0299,2025-02-07,Adjusted,44.87,5
EV00785,T0299,2026-02-08,Pass,50.9,5
EV00786,T0300,2024-09-23,Adjusted,51.36,11
EV00787,T0300,2025-03-23,Pass,69.9,1
EV00788,T0300,2025-10-17,Adjusted,83.13,2
EV00789,T0300,2026-05-19,Pass,45.29,6
EV00790,T0301,2025-06-01,Pass,35.98,7
EV00791,T0301,2026-06-01,Pass,45.3,9
EV00792,T0302,2025-07-20,Pass,40.22,4
EV00793,T0302,2026-07-20,Pass,30.53,5
EV00794,T0303,2025-04-06,Pass,37.13,3
EV00795,T0303,2026-04-06,Pass,31.08,6
EV00796,T0304,2025-07-07,Pass,33.38,3
EV00797,T0304,2026-07-07,Pass,29.6,7
EV00798,T0305,2024-11-20,Pass,112.66,5
EV00799,T0305,2025-12-03,Pass,95.1,7
EV00800,T0306,2025-03-01,Pass,90.66,8
EV00801,T0306,2026-03-01,Pass,110.47,9
EV00802,T0307,2024-09-14,Pass,121.53,5
EV00803,T0307,2025-09-18,Pass,111.42,8
EV00804,T0307,2026-09-18,Pass,72.8,5
EV00805,T0308,2024-10-19,Pass,25.25,5
EV00806,T0308,2025-10-19,Pass,27.65,4
EV00807,T0309,2024-10-12,Pass,63.24,1
EV00808,T0309,2025-04-12,Pass,65.89,2
EV00809,T0309,2025-11-15,Pass,59.98,8
EV00810,T0309,2026-05-20,Pass,69.41,7
EV00811,T0310,2024-12-14,Pass,56.67,8
EV00812,T0310,2025-06-14,Adjusted,54.56,9
EV00813,T0310,2025-12-29,Pass,43.35,8
EV00814,T0310,2026-06-28,Pass,68.57,7
EV00815,T0311,2025-06-25,Pass,39.72,4
EV00816,T0311,2026-06-25,Pass,40.66,5
EV00817,T0312,2024-09-29,Adjusted,113.88,4
EV00818,T0312,2025-05-23,Pass,101.82,1
EV00819,T0312,2025-11-23,Pass,77.59,6
EV00820,T0312,2026-05-23,Pass,67.92,4
EV00821,T0313,2025-02-21,Pass,46.42,2
EV00822,T0313,2025-08-21,Pass,45.64,3
EV00823,T0313,2026-02-23,Pass,51.95,4
EV00824,T0313,2026-08-23,Pass,36.66,4
EV00825,T0314,2024-09-28,Pass,44.36,12
EV00826,T0314,2025-09-28,Pass,35.13,5
EV00827,T0314,2026-09-28,Adjusted,41.21,2
EV00828,T0315,2024-09-09,Pass,108.23,6
EV00829,T0315,2025-09-09,Pass,90.69,11
EV00830,T0315,2026-09-09,Pass,116.68,1
EV00831,T0316,2024-10-06,Pass,63.07,7
EV00832,T0316,2025-04-06,Pass,49.16,9
EV00833,T0316,2025-10-06,Pass,87.1,7
EV00834,T0316,2026-04-28,Pass,75.22,6
EV00835,T0317,2024-12-10,Pass,35.43,4
EV00836,T0317,2025-06-10,Pass,42.55,7
EV00837,T0317,2025-12-10,Pass,49.55,4
EV00838,T0317,2026-06-10,Pass,60.5,6
EV00839,T0318,2024-12-12,Fail,78.93,12
EV00840,T0318,2025-06-12,Pass,54.45,4
EV00841,T0318,2026-01-10,Adjusted,48.36,5
EV00842,T0318,2026-07-10,Pass,45.64,5
EV00843,T0319,2025-04-08,Pass,133.48,6
EV00844,T0319,2026-04-08,Fail,197.65,5
EV00845,T0320,2025-08-28,Pass,66.79,5
EV00846,T0321,2025-01-20,Pass,37.69,7
EV00847,T0321,2025-07-20,Pass,40.85,9
EV00848,T0321,2026-02-03,Pass,44.5,10
EV00849,T0321,2026-08-03,Pass,53.7,5
EV00850,T0322,2024-12-29,Pass,40.9,8
EV00851,T0322,2025-12-28,Pass,44.05,8
EV00852,T0323,2026-02-23,Pass,38.82,7
EV00853,T0324,2024-12-29,Adjusted,81.24,5
EV00854,T0324,2026-01-11,Pass,69.12,6
EV00855,T0325,2024-09-18,Fail,120.07,11
EV00856,T0325,2025-03-18,Pass,86.4,7
EV00857,T0325,2025-10-17,Pass,49.09,9
EV00858,T0325,2026-04-17,Pass,52.23,1
EV00859,T0326,2024-11-18,Adjusted,78.93,5
EV00860,T0326,2025-05-28,Pass,83.31,1
EV00861,T0326,2025-11-28,Pass,53.33,5
EV00862,T0326,2026-05-28,Pass,64.08,4
EV00863,T0327,2025-09-02,Pass,48.05,8
EV00864,T0327,2026-09-16,Pass,48.4,6
EV00865,T0328,2025-02-27,Pass,60.77,9
EV00866,T0328,2025-08-27,Pass,83.78,2
EV00867,T0328,2026-03-03,Pass,101.7,10
EV00868,T0328,2026-09-03,Adjusted,81.82,5
EV00869,T0329,2025-07-07,Pass,125.26,4
EV00870,T0329,2026-07-07,Pass,98.31,4
EV00871,T0330,2024-09-14,Adjusted,63.17,7
EV00872,T0330,2025-04-16,Pass,100.75,1
EV00873,T0330,2025-10-25,Adjusted,105.1,5
EV00874,T0330,2026-04-25,Pass,72.12,4
EV00875,T0331,2025-03-22,Pass,47.06,4
EV00876,T0331,2026-03-22,Fail,53.66,8
EV00877,T0332,2025-06-25,Pass,43.2,4
EV00878,T0332,2026-06-25,Pass,40.13,3
EV00879,T0333,2024-09-18,Adjusted,47.82,4
EV00880,T0333,2025-03-18,Pass,61.78,4
EV00881,T0333,2025-09-18,Pass,49.42,4
EV00882,T0333,2026-03-18,Pass,37.97,7
EV00883,T0333,2026-09-18,Pass,39.01,7
EV00884,T0334,2025-03-19,Pass,92.57,5
EV00885,T0334,2026-05-02,Pass,104.77,6
EV00886,T0335,2025-07-30,Pass,88.56,12
EV00887,T0335,2026-09-12,Pass,137.06,3
EV00888,T0336,2024-10-16,Pass,91.13,9
EV00889,T0336,2025-10-16,Pass,107.8,6
EV00890,T0337,2024-10-24,Pass,54.58,10
EV00891,T0337,2025-04-24,Pass,68.97,5
EV00892,T0337,2025-10-24,Pass,64.52,2
EV00893,T0337,2026-04-24,Pass,51.65,4
EV00894,T0338,2024-11-19,Pass,75.39,3
EV00895,T0338,2025-05-23,Pass,-74.74,7
EV00896,T0338,2025-11-23,Pass,98.82,3
EV00897,T0338,2026-05-25,Pass,108.21,7
EV00898,T0339,2024-12-13,Pass,84.02,5
EV00899,T0339,2025-06-13,Pass,61.35,5
EV00900,T0339,2025-12-13,Pass,51.33,5
EV00901,T0339,2026-06-18,Pass,82.3,1
EV00902,T0340,2024-12-15,Pass,61.04,4
EV00903,T0340,2025-06-15,Adjusted,38.74,6
EV00904,T0340,2025-12-15,Pass,36.96,7
EV00905,T0340,2026-06-15,Pass,38.95,3
EV00906,T0341,2024-09-24,Pass,79.8,8
EV00907,T0341,2025-09-24,Pass,85.5,6
EV00908,T0342,2025-01-15,Pass,135.54,4
EV00909,T0342,2026-01-15,Pass,130.16,7
EV00910,T0343,2025-02-24,Pass,131.37,4
EV00911,T0343,2026-02-24,Pass,118.89,3
EV00912,T0344,2025-02-15,Pass,73.85,7
EV00913,T0344,2025-08-15,Pass,49.99,6
EV00914,T0344,2026-02-15,Pass,50.85,9
EV00915,T0344,2026-08-15,Pass,87.27,1
EV00916,T0345,2025-03-19,Pass,47.69,7
EV00917,T0345,2026-04-18,Pass,42.53,4
EV00918,T0346,2024-10-22,Pass,33.4,4
EV00919,T0346,2025-10-22,Fail,64.83,11
EV00920,T0347,2024-11-19,Pass,82.92,4
EV00921,T0347,2025-05-25,Pass,103.6,6
EV00922,T0347,2025-11-25,Fail,189.71,12
EV00923,T0347,2026-06-10,Pass,98.83,6
EV00924,T0348,2025-01-16,Adjusted,41.14,11
EV00925,T0348,2026-01-16,Pass,42.13,7
EV00926,T0349,2025-08-16,Pass,49.36,5
EV00927,T0349,2026-08-16,Pass,35.21,1
EV00928,T0350,2025-02-14,Fail,52.09,14
EV00929,T0350,2026-02-14,Pass,35.66,2
EV00930,T0351,2024-10-15,Pass,67.3,8
EV00931,T0351,2025-04-15,Pass,41.61,7
EV00932,T0351,2025-10-15,Adjusted,51.35,6
EV00933,T0351,2026-04-21,Pass,69.61,4
EV00934,T0352,2024-12-08,Pass,40.0,4
EV00935,T0352,2025-12-08,Pass,38.26,8
EV00936,T0353,2025-10-11,Pass,38.61,5
EV00937,T0354,2025-04-27,Pass,88.85,4
EV00938,T0354,2026-04-27,Pass,73.07,4
EV00939,T0355,2026-01-10,Pass,49.95,5
EV00940,T0356,2024-11-29,Pass,38.05,2
EV00941,T0356,2026-01-02,Pass,46.02,5
EV00942,T0357,2024-12-30,Pass,51.68,3
EV00943,T0357,2025-06-28,Pass,56.49,4
EV00944,T0357,2025-12-28,Pass,36.42,4
EV00945,T0357,2026-07-24,Pass,0,2
EV00946,T0358,2025-08-23,Pass,87.87,3
EV00947,T0358,2026-08-25,Adjusted,52.03,8
EV00948,T0359,2024-10-22,Pass,82.93,7
EV00949,T0359,2025-05-16,Pass,77.58,7
EV00950,T0359,2025-11-16,Pass,81.35,2
EV00951,T0359,2026-05-16,Pass,48.52,10
EV00952,T0360,2025-04-30,Pass,42.38,6
EV00953,T0360,2026-04-28,Pass,34.73,1
EV00954,T0361,2024-09-14,Pass,86.72,5
EV00955,T0361,2025-09-24,Pass,56.53,6
EV00956,T0361,2026-09-24,Pass,53.87,10
EV00957,T0362,2024-09-17,Pass,110.97,9
EV00958,T0362,2025-10-27,Adjusted,70.55,3
EV00959,T0363,2025-05-13,Pass,82.61,2
EV00960,T0363,2026-05-13,Pass,89.04,6
EV00961,T0364,2025-04-24,Pass,25.42,9
EV00962,T0364,2026-04-28,Pass,29.39,8
EV00963,T0365,2025-04-08,Pass,80.29,2
EV00964,T0365,2026-04-08,Pass,85.99,7
EV00965,T0366,2025-05-17,Pass,84.66,7
EV00966,T0366,2026-06-22,Pass,81.1,6
EV00967,T0367,2025-01-09,Pass,80.42,7
EV00968,T0367,2025-07-09,Fail,180.26,10
EV00969,T0367,2026-01-09,Pass,100.17,7
EV00970,T0367,2026-07-09,Pass,86.27,1
EV00971,T0368,2025-02-15,Adjusted,54.24,1
EV00972,T0368,2025-08-15,Pass,76.87,6
EV00973,T0368,2026-02-15,Adjusted,61.37,3
EV00974,T0368,2026-08-15,Adjusted,54.09,10
EV00975,T0369,2024-12-08,Pass,43.59,7
EV00976,T0369,2025-06-08,Pass,62.55,7
EV00977,T0369,2025-12-08,Pass,68.31,8
EV00978,T0369,2026-06-08,Pass,68.03,1
EV00979,T0370,2024-12-27,Fail,98.51,9
EV00980,T0370,2025-06-27,Fail,91.37,7
EV00981,T0370,2025-12-27,Pass,53.19,5
EV00982,T0370,2026-06-27,Pass,45.65,8
EV00983,T0371,2025-06-12,Pass,42.36,9
EV00984,T0371,2026-06-12,Pass,46.24,3
EV00985,T0372,2025-01-30,Pass,42.79,5
EV00986,T0372,2026-01-28,Fail,83.61,13
EV00987,T0373,2025-01-17,Pass,32.09,8
EV00988,T0373,2026-01-19,Pass,39.74,4
EV00989,T0374,2025-02-24,Pass,102.89,5
EV00990,T0374,2025-08-24,Pass,91.18,6
EV00991,T0374,2026-02-24,Pass,81.68,8
EV00992,T0374,2026-08-30,Adjusted,63.73,1
EV00993,T0375,2025-05-20,Pass,49.93,8
EV00994,T0375,2026-05-20,Pass,44.63,4
EV00995,T0376,2025-05-07,Adjusted,28.14,1
EV00996,T0376,2026-05-30,Pass,27.21,4
EV00997,T0377,2025-07-23,Adjusted,76.53,11
EV00998,T0377,2026-07-23,Pass,86.86,7
EV00999,T0378,2025-03-19,Pass,82.4,4
EV01000,T0378,2026-03-19,Pass,72.71,3
EV01001,T0379,2025-02-27,Pass,49.16,9
EV01002,T0379,2026-02-27,Pass,44.14,3
EV01003,T0380,2025-06-11,Pass,26.06,5
EV01004,T0380,2026-06-11,Pass,34.52,7
EV01005,T0381,2024-12-29,Adjusted,92.01,4
EV01006,T0381,2025-06-28,Pass,80.4,9
EV01007,T0381,2026-01-05,Pass,65.46,6
EV01008,T0381,2026-07-05,Pass,77.12,7
EV01009,T0382,2024-12-15,Adjusted,51.41,8
EV01010,T0382,2025-06-15,Pass,87.37,6
EV01011,T0382,2025-12-16,Pass,55.64,3
EV01012,T0382,2026-06-16,Pass,59.33,5
EV01013,T0383,2025-08-18,Adjusted,84.33,1
EV01014,T0383,2026-08-18,Adjusted,75.57,1
EV01015,T0384,2025-04-11,Pass,43.88,10
EV01016,T0384,2026-04-11,Pass,46.33,7
EV01017,T0385,2024-12-24,Pass,40.21,9
EV01018,T0385,2025-12-24,Pass,37.91,7
EV01019,T0386,2025-02-16,Pass,61.34,4
EV01020,T0386,2025-08-16,Pass,51.09,6
EV01021,T0386,2026-02-16,Fail,94.74,10
EV01022,T0386,2026-08-16,Pass,58.54,5
EV01023,T0387,2025-08-17,Adjusted,44.44,2
EV01024,T0387,2026-08-17,Pass,32.74,8
EV01025,T0388,2025-11-03,Pass,119.64,7
EV01026,T0389,2025-03-06,Pass,42.32,7
EV01027,T0389,2025-09-06,Pass,54.92,10
EV01028,T0389,2026-03-06,Pass,58.09,2
EV01029,T0389,2026-09-06,Fail,63.18,9
EV01030,T0390,2025-11-24,Pass,96.87,3
EV01031,T0390,2026-06-06,Pass,100.39,3
EV01032,T0391,2025-05-04,Fail,107.43,13
EV01033,T0391,2025-11-04,Pass,48.72,3
EV01034,T0391,2026-05-04,Pass,42.9,10
EV01035,T0392,2024-09-19,Pass,37.53,8
EV01036,T0392,2025-09-19,Pass,31.82,7
EV01037,T0392,2026-10-05,Pass,40.51,9
EV01038,T0393,2025-01-11,Fail,129.77,10
EV01039,T0393,2025-07-22,Adjusted,47.51,4
EV01040,T0393,2026-01-30,Pass,63.5,3
EV01041,T0393,2026-07-28,Pass,73.08,3
EV01042,T0394,2025-02-04,Adjusted,49.62,5
EV01043,T0394,2025-08-04,Adjusted,70.79,5
EV01044,T0394,2026-02-04,Pass,63.95,5
EV01045,T0394,2026-08-19,Pass,47.72,4
EV01046,T0395,2025-07-12,Pass,39.22,9
EV01047,T0395,2026-07-12,Adjusted,42.68,6
EV01048,T0396,2025-08-28,Pass,34.35,7
EV01049,T0396,2026-08-28,Pass,36.32,4
EV01050,T0397,2025-02-13,Pass,88.84,4
EV01051,T0397,2025-08-13,Pass,108.44,4
EV01052,T0397,2026-02-13,Fail,96.95,12
EV01053,T0397,2026-08-13,Pass,68.54,2
EV01054,T0398,2024-11-13,Pass,80.39,4
EV01055,T0398,2025-05-16,Pass,114.64,9
EV01056,T0398,2025-11-16,Pass,66.66,6
EV01057,T0398,2026-05-16,Pass,74.41,7
EV01058,T0399,2024-12-13,Pass,32.56,3
EV01059,T0399,2025-12-13,Pass,25.92,8
EV01060,T0400,2025-07-03,Pass,59.42,3
EV01061,T0400,2026-08-05,Adjusted,72.89,6
EV01062,T0401,2025-01-11,Pass,55.34,6
EV01063,T0401,2025-07-11,Pass,57.74,7
EV01064,T0401,2026-01-11,Pass,42.65,11
EV01065,T0401,2026-07-11,Pass,40.5,7
EV01066,T0402,2025-04-13,Pass,100.28,5
EV01067,T0403,2024-10-27,Adjusted,32.2,8
EV01068,T0403,2025-10-27,Pass,38.5,5
EV01069,T0404,2025-01-18,Fail,59.98,12
EV01070,T0404,2026-01-18,Pass,44.5,2
EV01071,T0405,2025-01-06,Pass,95.22,4
EV01072,T0405,2025-07-06,Pass,108.86,5
EV01073,T0405,2026-01-06,Pass,116.52,6
EV01074,T0405,2026-07-06,Pass,111.18,7
EV01075,T0406,2024-12-24,Pass,49.12,6
EV01076,T0406,2025-07-11,Fail,99.98,12
EV01077,T0406,2026-01-11,Pass,57.04,5
EV01078,T0406,2026-07-11,Pass,65.34,7
EV01079,T0407,2025-02-17,Pass,38.26,8
EV01080,T0407,2025-09-08,Pass,52.1,6
EV01081,T0407,2026-03-08,Pass,43.16,6
EV01082,T0407,2026-09-08,Fail,59.22,9
EV01083,T0408,2024-10-12,Pass,52.59,7
EV01084,T0408,2025-12-07,Pass,46.62,7
EV01085,T0409,2025-07-13,Pass,106.81,6
EV01086,T0409,2026-07-13,Pass,102.21,2
EV01087,T0410,2025-04-07,Pass,48.0,2
EV01088,T0410,2026-04-07,Pass,48.22,7
EV01089,T0411,2025-02-03,Pass,53.0,5
EV01090,T0411,2026-02-03,Pass,84.28,1
EV01091,T0412,2025-05-24,Adjusted,71.87,3
EV01092,T0412,2026-05-24,Pass,97.95,3
EV01093,T0413,2025-01-08,Pass,86.96,7
EV01094,T0413,2026-01-08,Pass,81.94,5
EV01095,T0414,2024-12-28,Pass,54.75,9
EV01096,T0414,2025-07-07,Pass,82.64,7
EV01097,T0414,2026-01-07,Pass,62.58,2
EV01098,T0414,2026-07-09,Pass,79.52,6
EV01099,T0415,2025-02-12,Pass,38.38,7
EV01100,T0415,2025-08-12,Pass,60.34,8
EV01101,T0415,2026-02-12,Pass,56.94,6
EV01102,T0415,2026-08-12,Pass,48.83,4
EV01103,T0416,2025-08-05,Pass,73.08,5
EV01104,T0416,2026-08-05,Pass,123.73,1
EV01105,T0417,2025-07-11,Pass,45.77,1
EV01106,T0417,2026-07-11,Adjusted,34.38,9
EV01107,T0418,2025-05-22,Pass,139.19,5
EV01108,T0418,2026-06-13,Pass,121.65,2
EV01109,T0419,2025-07-30,Pass,41.96,7
EV01110,T0419,2026-07-28,Pass,36.57,5
EV01111,T0420,2025-02-23,Pass,59.26,11
EV01112,T0420,2026-02-23,Pass,81.33,7
EV01113,T0421,2024-10-03,Pass,79.91,6
EV01114,T0421,2025-10-03,Pass,135.23,7
EV01115,T0422,2025-02-09,Pass,38.97,4
EV01116,T0422,2026-02-09,Adjusted,49.45,4
EV01117,T0423,2025-04-13,Pass,123.12,5
EV01118,T0423,2026-04-13,Pass,-80.7,5
EV01119,T0424,2025-05-05,Pass,134.13,10
EV01120,T0424,2026-05-05,Pass,98.32,6
EV01121,T0425,2025-05-29,Pass,36.31,7
EV01122,T0425,2026-06-07,Pass,39.44,6
EV01123,T0426,2025-07-15,Pass,100.59,2
EV01124,T0426,2026-01-15,Pass,75.68,2
EV01125,T0426,2026-07-22,Pass,117.11,6
EV01126,T0427,2025-04-11,Pass,33.54,4
EV01127,T0427,2026-04-11,Pass,36.72,3
EV01128,T0428,2024-10-30,Pass,48.93,5
EV01129,T0428,2025-05-11,Fail,59.91,10
EV01130,T0428,2025-11-11,Pass,57.91,5
EV01131,T0428,2026-05-11,Pass,41.93,4
EV01132,T0429,2025-01-17,Pass,51.79,1
EV01133,T0429,2026-01-22,Pass,32.0,7
EV01134,T0430,2026-01-21,Pass,89.44,6
EV01135,T0430,2026-07-23,Pass,89.41,5
EV01136,T0431,2024-12-08,Pass,48.25,8
EV01137,T0431,2025-06-20,Adjusted,50.99,7
EV01138,T0431,2025-12-20,Pass,66.08,8
EV01139,T0431,2026-06-20,Pass,59.47,8
EV01140,T0432,2024-09-11,Pass,112.41,3
EV01141,T0432,2025-03-11,Pass,100.68,6
EV01142,T0432,2025-09-11,Pass,80.9,8
EV01143,T0432,2026-03-11,Pass,88.57,3
EV01144,T0432,2026-10-04,Pass,96.43,4
EV01145,T0433,2025-02-12,Pass,54.91,8
EV01146,T0433,2026-02-12,Pass,42.05,5
EV01147,T0434,2025-07-27,Pass,36.53,4
EV01148,T0434,2026-07-27,Pass,44.38,2
EV01149,T0435,2024-12-30,Pass,123.64,3
EV01150,T0435,2025-12-28,Pass,121.52,3
EV01151,T0436,2024-11-04,Adjusted,83.33,2
EV01152,T0436,2025-11-04,Pass,55.22,2
EV01153,T0437,2024-11-27,Pass,107.85,7
EV01154,T0437,2025-05-27,Pass,66.4,5
EV01155,T0437,2025-11-30,Pass,77.81,4
EV01156,T0437,2026-05-29,Pass,104.82,4
EV01157,T0438,2025-05-09,Pass,29.31,8
EV01158,T0438,2026-05-15,Pass,28.05,5
EV01159,T0439,2025-08-10,Pass,81.14,10
EV01160,T0439,2026-08-15,Pass,94.38,7
EV01161,T0440,2025-07-01,Pass,-31.08,11
EV01162,T0440,2026-07-01,Pass,43.09,3
EV01163,T0441,2025-10-27,Pass,94.54,2
EV01164,T0441,2026-05-16,Pass,85.63,9
EV01165,T0442,2025-02-14,Pass,43.58,8
EV01166,T0442,2025-09-02,Pass,41.04,7
EV01167,T0442,2026-03-02,Pass,69.69,5
EV01168,T0442,2026-09-02,Pass,48.37,5
EV01169,T0443,2025-01-31,Pass,101.62,6
EV01170,T0443,2025-08-11,Pass,102.16,4
EV01171,T0443,2026-02-22,Pass,111.73,7
EV01172,T0443,2026-08-22,Pass,102.04,2
EV01173,T0444,2025-08-10,Pass,28.61,4
EV01174,T0444,2026-08-10,Pass,27.46,5
EV01175,T0445,2025-02-06,Pass,35.89,1
EV01176,T0445,2026-03-04,Pass,43.92,1
EV01177,T0446,2025-02-09,Pass,42.34,9
EV01178,T0446,2025-09-09,Adjusted,45.49,9
EV01179,T0446,2026-03-09,Adjusted,47.57,1
EV01180,T0446,2026-09-17,Pass,48.36,5
EV01181,T0447,2025-10-05,Pass,54.88,8
EV01182,T0447,2026-10-05,Pass,39.3,3
EV01183,T0448,2025-01-11,Adjusted,32.49,8
EV01184,T0448,2026-01-25,Pass,37.26,4
EV01185,T0449,2024-10-08,Adjusted,103.7,4
EV01186,T0449,2025-04-08,Pass,102.03,10
EV01187,T0449,2025-10-08,Pass,96.45,7
EV01188,T0449,2026-04-08,Pass,80.71,5
EV01189,T0450,2024-11-25,Pass,33.57,3
EV01190,T0450,2025-11-25,Pass,52.96,4
EV01191,T0451,2025-05-04,Pass,36.9,1
EV01192,T0451,2026-05-04,Pass,37.63,8
EV01193,T0452,2024-11-30,Pass,26.69,7
EV01194,T0452,2025-12-09,Fail,70.35,9
EV01195,T0453,2024-12-13,Pass,39.92,6
EV01196,T0453,2025-12-13,Pass,39.99,6
EV01197,T0454,2025-02-26,Pass,79.37,7
EV01198,T0454,2025-08-26,Adjusted,60.9,5
EV01199,T0454,2026-03-15,Pass,60.21,6
EV01200,T0454,2026-09-15,Pass,83.28,7
EV01201,T0455,2025-08-02,Pass,47.87,10
EV01202,T0455,2026-08-02,Adjusted,30.12,3
EV01203,T0456,2025-01-10,Adjusted,53.52,9
EV01204,T0456,2025-07-10,Pass,66.96,10
EV01205,T0456,2026-01-11,Pass,48.1,2
EV01206,T0456,2026-07-11,Pass,69.63,9
EV01207,T0457,2024-09-17,Adjusted,85.26,5
EV01208,T0457,2025-04-12,Pass,117.58,6
EV01209,T0457,2025-10-12,Adjusted,89.34,2
EV01210,T0457,2026-04-12,Pass,106.82,2
EV01211,T0458,2025-01-13,Fail,121.28,15
EV01212,T0458,2025-07-13,Pass,45.36,7
EV01213,T0458,2026-01-13,Pass,48.72,2
EV01214,T0458,2026-07-13,Adjusted,57.65,7
EV01215,T0459,2025-07-16,Pass,44.85,3
EV01216,T0459,2026-07-21,Adjusted,25.77,11
EV01217,T0460,2025-08-31,Pass,34.63,4
EV01218,T0460,2026-08-28,Pass,36.09,8
EV01219,T0461,2026-01-05,Pass,35.3,1
EV01220,T0462,2024-11-30,Pass,81.45,7
EV01221,T0462,2025-05-28,Pass,72.21,6
EV01222,T0462,2025-11-28,Adjusted,49.79,8
EV01223,T0462,2026-05-28,Pass,46.85,11
EV01224,T0463,2025-03-01,Pass,34.48,6
EV01225,T0463,2026-03-29,Adjusted,33.36,4
EV01226,T0464,2024-12-27,Fail,79.46,13
EV01227,T0464,2025-07-04,Pass,59.38,6
EV01228,T0464,2026-01-04,Pass,59.28,6
EV01229,T0464,2026-07-04,Pass,58.96,10
EV01230,T0465,2025-01-31,Pass,101.8,3
EV01231,T0465,2025-07-28,Pass,87.33,5
EV01232,T0465,2026-02-18,Pass,102.5,4
EV01233,T0465,2026-08-21,Pass,62.35,9
EV01234,T0466,2025-01-21,Adjusted,98.92,1
EV01235,T0466,2025-09-05,Pass,113.04,5
EV01236,T0466,2026-03-05,Pass,119.12,7
EV01237,T0467,2025-08-07,Pass,37.52,1
EV01238,T0467,2026-08-07,Pass,33.84,5
EV01239,T0468,2024-12-10,Adjusted,88.74,3
EV01240,T0468,2025-06-10,Adjusted,94.18,6
EV01241,T0468,2025-12-10,Adjusted,76.92,4
EV01242,T0468,2026-06-10,Pass,71.27,10
EV01243,T0469,2026-05-20,Adjusted,39.6,6
EV01244,T0470,2025-07-11,Fail,149.58,12
EV01245,T0470,2026-07-11,Pass,81.84,5
EV01246,T0471,2025-10-22,Pass,113.92,9
EV01247,T0472,2024-10-14,Pass,57.91,4
EV01248,T0472,2025-04-14,Pass,75.9,4
EV01249,T0472,2025-10-14,Pass,55.1,1
EV01250,T0472,2026-04-14,Pass,48.43,4
EV01251,T0473,2025-07-11,Pass,40.63,8
EV01252,T0473,2026-07-11,Pass,51.89,3
EV01253,T0474,2025-02-21,Adjusted,51.65,1
EV01254,T0474,2025-08-21,Pass,50.09,7
EV01255,T0474,2026-02-21,Pass,51.51,5
EV01256,T0474,2026-08-21,Pass,67.24,7
EV01257,T0475,2025-01-12,Pass,89.56,4
EV01258,T0475,2025-07-12,Pass,65.02,5
EV01259,T0475,2026-01-12,Pass,73.16,3
EV01260,T0475,2026-07-18,Pass,81.74,7
EV01261,T0476,2025-04-10,Pass,87.25,4
EV01262,T0476,2026-05-03,Pass,66.99,10
EV01263,T0477,2024-09-22,Adjusted,79.89,6
EV01264,T0477,2025-09-22,Pass,123.58,6
EV01265,T0477,2026-09-22,Adjusted,106.92,8
EV01266,T0478,2025-11-24,Fail,134.08,10
EV01267,T0479,2025-02-10,Pass,69.07,9
EV01268,T0479,2026-02-10,Pass,55.63,11
EV01269,T0480,2025-05-09,Pass,37.84,6
EV01270,T0480,2026-05-09,Pass,28.89,4
EV01271,T0481,2025-03-27,Pass,48.91,4
EV01272,T0481,2026-03-27,Fail,58.77,13
EV01273,T0482,2026-01-28,Pass,44.17,5
EV01274,T0483,2024-10-28,Pass,40.5,7
EV01275,T0483,2025-11-01,Pass,25.75,3
EV01276,T0484,2024-10-18,Pass,90.1,9
EV01277,T0484,2025-04-18,Pass,86.85,5
EV01278,T0484,2025-10-20,Pass,62.4,9
EV01279,T0484,2026-04-20,Pass,74.35,9
EV01280,T0485,2025-01-25,Pass,80.88,8
EV01281,T0485,2025-07-25,Adjusted,58.3,4
EV01282,T0485,2026-02-08,Fail,123.17,9
EV01283,T0485,2026-08-08,Pass,89.03,6
EV01284,T0486,2024-12-18,Pass,72.89,4
EV01285,T0486,2025-06-18,Pass,59.11,3
EV01286,T0486,2025-12-31,Pass,89.61,7
EV01287,T0486,2026-07-02,Pass,0,5
EV01288,T0487,2025-02-25,Adjusted,87.95,8
EV01289,T0487,2025-08-25,Pass,87.89,9
EV01290,T0487,2026-02-25,Pass,106.09,8
EV01291,T0487,2026-08-30,Pass,89.18,7
EV01292,T0488,2025-06-24,Fail,72.04,11
EV01293,T0488,2026-06-24,Pass,39.04,3
EV01294,T0489,2025-04-12,Pass,37.46,4
EV01295,T0489,2026-04-12,Pass,43.12,5
EV01296,T0490,2025-04-09,Pass,74.1,7
EV01297,T0490,2026-04-09,Pass,75.66,1
EV01298,T0491,2024-09-14,Adjusted,41.47,9
EV01299,T0491,2025-09-18,Pass,40.16,5
EV01300,T0491,2026-09-18,Fail,66.02,11
EV01301,T0492,2024-10-19,Pass,72.97,6
EV01302,T0492,2025-04-19,Pass,82.22,7
EV01303,T0492,2025-10-19,Pass,78.42,6
EV01304,T0492,2026-04-19,Pass,84.84,4
EV01305,T0493,2025-06-17,Pass,107.99,5
EV01306,T0493,2026-06-17,Pass,118.2,4
EV01307,T0494,2026-05-08,Pass,27.07,5
EV01308,T0495,2024-12-30,Pass,74.82,9
EV01309,T0495,2025-12-28,Pass,85.72,9
EV01310,T0496,2025-02-22,Pass,110.31,3
EV01311,T0496,2025-08-22,Pass,74.49,8
EV01312,T0496,2026-03-11,Adjusted,82.46,7
EV01313,T0496,2026-09-11,Pass,117.55,1
EV01314,T0497,2024-12-04,Pass,36.36,9
EV01315,T0497,2025-12-07,Adjusted,32.37,9
EV01316,T0498,2024-09-13,Pass,57.01,3
EV01317,T0498,2025-03-13,Fail,95.62,11
EV01318,T0498,2025-09-13,Pass,39.57,5
EV01319,T0498,2026-03-13,Pass,47.53,6
EV01320,T0499,2025-02-14,Fail,142.91,6
EV01321,T0499,2025-08-14,Adjusted,86.72,6
EV01322,T0499,2026-02-20,Adjusted,48.48,9
EV01323,T0499,2026-09-21,Adjusted,80.79,3
EV01324,T0500,2025-02-06,Fail,132.01,7
EV01325,T0500,2026-02-10,Pass,139.56,2
EV01145,T0433,2025-02-12,Pass,54.91,8
EV00055,T0024,2025-02-26,Pass,63.23,6
EV00863,T0327,2025-09-02,Pass,48.05,8
EV00182,T0069,2026-06-09,Pass,29.53,11
EV00288,T0111,2026-03-07,Pass,94.19,6
EV01260,T0475,2026-07-18,Pass,81.74,7
EV00620,T0238,2025-07-18,Adjusted,77.77,10
EV00497,T0191,2026-01-13,Pass,40.14,9
EV01189,T0450,2024-11-25,Pass,33.57,3
EV01049,T0396,2026-08-28,Pass,36.32,4
EV00765,T0293,2024-12-10,Pass,47.39,10
EV00261,T0101,2026-01-04,Pass,96.88,6
EV01272,T0481,2026-03-27,Fail,58.77,13
EV01113,T0421,2024-10-03,Pass,79.91,6
EV01159,T0439,2025-08-10,Pass,81.14,10
